Workbook

Sheet Petunjuk
A1: Data Laptop: Lima Laptop Awal (Draf 2)
A3: Tujuan
B4: Satu bentuk data yang sama untuk semua laptop, sebelum situsnya dibuat. Lima laptop awal sudah diisi dari situs pabrikan, Intel, AMD, Microsoft, ulasan teknologi, dan marketplace besar (dicek 8 Oktober 2026). Isian ini masih draf: periksa ulang, lalu lengkapi bagian yang kosong atau bertanda unknown.
A6: Cara memakai
A7: 1 | B7: Tab Model: data yang sama untuk semua konfigurasi satu seri (bahan bodi, ukuran layar, port, catatan).
A8: 2 | B8: Tab Varian: satu baris untuk satu konfigurasi nyata (CPU, RAM, dan penyimpanan tertentu). Layar, bobot, baterai, dan kelengkapan lain ada di sini karena bisa berbeda tiap varian.
A9: 3 | B9: Tab CPU dan GPU: satu baris untuk setiap prosesor dan kartu grafis. Tab Varian memilih dari dua tab ini, jadi isi keduanya lebih dulu bila menambah laptop baru. Tingkat 1-5 adalah usulan awal untuk ditinjau. Arti tiap tingkat ada di tab Aturan (bagian 6).
A10: 4 | B10: Tab Harga: harga bertanggal beserta sumbernya. Tambahkan baris baru setiap kali harga dicek ulang; jangan menimpa harga lama.
A11: 5 | B11: Tab Catatan Pengisian: sumber, kolom yang sulit dicari, kolom yang masih unknown, dan temuan untuk tiap laptop. Catat juga berapa menit kamu memeriksa tiap laptop.
A13: Arti warna
A14: Kuning | B14: Diisi sendiri. Sel kuning yang masih kosong berarti belum ada sumbernya.
A15: Abu-abu | B15: Terisi otomatis dari rumus. Jangan diketik.
A16: CONTOH | B16: Baris ke-4 di setiap tab berisi nilai rekaan untuk menunjukkan cara mengisi. Jangan dihapus dan jangan dipakai sebagai data.
A18: Aturan isi
A19: 1 | B19: Urutan sumber: spesifikasi resmi pabrikan, lalu manual servis resmi, lalu video bongkar. Informasi dari forum atau ulasan ditandai belum terverifikasi.
A20: 2 | B20: Kalau belum tahu, pilih unknown atau biarkan kosong. Jangan menebak, terutama untuk RAM disolder dan penyimpanan yang bisa diganti.
A21: 3 | B21: Harga ditulis sebagai rentang, lengkap dengan sumber dan tanggal cek. Listing yang jauh di atas atau di bawah harga toko lain tidak dihitung; alasannya ditulis di kolom catatan.
A22: 4 | B22: Tingkat 1-5 untuk CPU dan GPU adalah penilaian kita sendiri. Tulis alasannya di kolom sebelahnya.
A23: 5 | B23: Catatan editor memakai bahasa awam (lihat panduan gaya bahasa awam di dokumen Fondasi Proyek).
A24: 6 | B24: Jangan menyalin kalimat dari situs lain. Tulis ulang dengan kalimat sendiri.
A25: 7 | B25: Jangan mengubah isi daftar di tab Pilihan tanpa kesepakatan, karena tab lain memakainya.
A27: Wajib untuk v1
B28: Kode varian, tahun rilis, status penjualan, CPU, GPU, RAM (ukuran, tipe, letak), penyimpanan (ukuran, tipe, bisa diganti atau tidak), sistem operasi, harga, dan catatan editor.
A30: Tab penilaian
A31: 1 | B31: Aturan: batas minimal dan batas nyaman untuk lima kebutuhan, peringkat jenis layar, daftar peringatan, dan arti tingkat 1-5. Kolom kuning boleh diubah; tab Perhitungan dan Hasil ikut berubah.
A32: 2 | B32: Perhitungan: satu baris untuk satu pasangan varian dan kebutuhan. Semuanya rumus, jadi tidak diisi. Dipakai untuk menelusuri bagaimana hasil didapat.
A33: 3 | B33: Hasil: pilih satu varian untuk membaca alasan tiap kebutuhan, atau lihat semua varian sekaligus di tabel bawahnya.
A34: 4 | B34: Hasil ini baru percobaan aturan pada lima laptop. Angka batas dan tingkat 1-5 adalah penilaian awal kita, belum diuji ke pengguna. Isi tab Varian dengan benar dan lengkap dulu, karena kolom yang kosong atau unknown membuat hasilnya Data belum lengkap.

Sheet Model
A1: Model: satu baris untuk satu seri laptop
A2: Data yang sama untuk semua konfigurasi seri ini. Kolom kuning diisi sendiri; baris CONTOH hanya untuk ditiru.
A3: Kunci model kunci_model | B3: Merek merek | C3: Seri / nama model seri | D3: Peran dalam 5 laptop awal peran | E3: Tahun rilis seri tahun_rilis | F3: Status penjualan status | G3: Bahan bodi bahan | H3: Layar · ukuran (inci) layar_inci | I3: USB-A · jumlah port usb_a | J3: USB-C · jumlah port usb_c | K3: USB-C · kemampuan usbc_jenis | L3: Bisa diisi lewat USB-C? usbc_charge | M3: Port HDMI? hdmi | N3: HDMI · versi hdmi_versi | O3: Pembaca kartu SD? sd | P3: Port LAN (kabel)? lan | Q3: Ringkasnya (1-2 kalimat, bahasa awam) ringkasan | R3: Waspadai waspada | S3: Masalah umum yang sering dikeluhkan masalah_umum | T3: Tautan spesifikasi resmi url_spek | U3: Tanggal diperiksa tgl_verif
A4: contoh-a14 | B4: Contoh | C4: A14 | D4: Baru populer | E4: 2023 | F4: dijual | G4: Plastik | H4: 14 | I4: 2 | J4: 1 | K4: USB-C + DisplayPort | L4: ya | M4: ya | N4: HDMI 1.4 | O4: ya | P4: tidak | Q4: (CONTOH) Laptop tipis untuk kuliah dan kerja kantoran. | R4: (CONTOH) RAM disolder, tidak bisa ditambah. | S4: (CONTOH) Belum ada keluhan yang sering muncul. | T4: https://contoh.example/a14 | U4: 46303
A5: asus-m1405ya | B5: ASUS | C5: Vivobook 14 M1405YA | D5: Baru populer | E5: 2023 | F5: dijual | G5: unknown | H5: 14 | I5: 3 | J5: 1 | K5: unknown | L5: unknown | M5: ya | N5: HDMI 1.4 | O5: tidak | P5: tidak | Q5: Laptop 14 inci untuk kuliah dan pekerjaan harian. Layarnya berbentuk 16:10, sedikit lebih tinggi daripada layar laptop biasa, sehingga lebih lega untuk dokumen dan halaman web. | R5: Sebagian RAM (8 GB) menempel di papan utama dan tidak bisa diganti. Ada satu slot untuk RAM tambahan, dengan batas total 16 GB. Slot SSD hanya cocok untuk SSD satu sisi. Tidak ada pembaca kartu SD. | T5: https://asus.com/laptops/for-home/vivobook/asus-vivobook-14-oled-m1405/techspec | U5: 46303
A6: hp-pavilion-x360-14 | B6: HP | C6: Pavilion x360 14-ek1000 | D6: Baru tipis atau 2-in-1 | E6: 2023 | F6: unknown | G6: unknown | H6: 14 | I6: 2 | J6: 1 | K6: USB-C + DisplayPort | L6: unknown | M6: ya | N6: HDMI 2.1 | O6: ya | P6: tidak | Q6: Laptop 2-in-1 14 inci. Layarnya sentuh dan engselnya bisa dilipat penuh sampai seperti tablet. Bobotnya sekitar 1,5 kg. | R6: RAM 16 GB menempel di papan utama, jadi tidak bisa ditambah. Pembaca kartunya hanya untuk microSD, bukan kartu SD biasa. | T6: https://hp.com/id-id/shop/hp-pavilion-x360-2-in-1-laptop-14-ek1005tu-7n725pa.html | U6: 46303
A7: axioo-hype-10 | B7: Axioo | C7: Hype 10 | D7: Merek lokal | F7: unknown | G7: unknown | H7: 14.1 | I7: 3 | J7: 2 | K7: USB-C data saja | L7: tidak | M7: ya | N7: unknown | O7: tidak | P7: tidak | Q7: Laptop 14 inci kelas harga terjangkau dengan prosesor Celeron, untuk tugas ringan seperti mengetik, internet, dan menonton video. Di situs Axioo, laptop ini tertulis sebagai Hype 1 Intel. | R7: Layarnya HD 1366x768 jenis TN, jadi kurang tajam dan sudut pandangnya sempit. RAM memakai satu slot dengan batas 8 GB, jadi tidak bisa ditambah dari 8 GB. Kedua port USB-C hanya untuk data. Sebagian unit di toko masih memakai Windows 10, yang dukungan resminya berakhir pada 14 Oktober 2025. | T7: https://axiooworld.com/product/compare/hype-1-intel/pongo-735 | U7: 46303
A8: lenovo-thinkpad-t480 | B8: Lenovo | C8: ThinkPad T480 | D8: Bekas 1 | E8: 2018 | F8: bekas_saja | G8: Campuran | H8: 14 | I8: 2 | J8: 2 | K8: Thunderbolt 3 | L8: ya | M8: ya | N8: HDMI 1.4 | O8: ya | P8: ya | Q8: Laptop bisnis 14 inci rilisan 2018 yang mudah dibongkar: RAM dan penyimpanan bisa diganti sendiri, dan baterai luarnya bisa diganti saat laptop menyala. | R8: Hanya beredar bekas, jadi kondisi baterai, layar, dan keyboard tiap unit berbeda. Menurut Lenovo, penyimpanan utama memakai satu slot hard disk 2,5 inci atau satu slot M.2 2280, bukan keduanya sekaligus. Pilihan layar dan baterainya beragam, jadi cek konfigurasi unit sebelum membeli. | T8: https://psref.lenovo.com/syspool/Sys/PDF/ThinkPad/ThinkPad_T480/ThinkPad_T480_Spec.PDF | U8: 46303
A9: dell-latitude-5400 | B9: Dell | C9: Latitude 5400 | D9: Bekas 2 | E9: 2019 | F9: bekas_saja | G9: Serat karbon (komposit) | H9: 14 | I9: 3 | J9: 1 | K9: USB-C + DisplayPort | L9: unknown | M9: ya | N9: HDMI 1.4 | O9: ya | P9: ya | Q9: Laptop bisnis 14 inci rilisan 2019 dengan bodi serat karbon dan port lengkap: HDMI, kabel LAN, USB-C, dan microSD. Dua slot RAM bisa diisi sampai 32 GB. | R9: Hanya beredar bekas, jadi cek kondisi baterai dan layar tiap unit. Pada unit dengan baterai 4-sel, ruang hard disk 2,5 inci tidak bisa dipakai (catatan manual servis Dell). Pembaca kartunya hanya microSD. Kemampuan Thunderbolt pada port USB-C bersifat opsional menurut Dell. | T9: https://www.dell.com/support/product-details/en-us/product/latitude-14-5400-laptop/resources/manuals | U9: 46303

Sheet Varian
A1: Varian: satu baris untuk satu konfigurasi nyata
A2: Satu model bisa punya banyak varian (CPU, RAM, penyimpanan, layar berbeda). Pilih model, CPU, dan GPU dari daftar. Kolom abu-abu terisi otomatis.
A3: ID varian id_varian | B3: Model kunci_model | C3: Kode varian lengkap kode_varian | D3: Tahun rilis varian tahun_rilis | E3: Status penjualan status_penjualan | F3: Tahun dihentikan tahun_dihentikan | G3: Pasar pasar | H3: Segmen menurut pabrikan segmen_resmi | I3: Target pengguna menurut pabrikan target_resmi | J3: CPU cpu | K3: GPU gpu | L3: GPU · daya (watt) gpu_tgp | M3: RAM · ukuran (GB) ram_gb | N3: RAM · tipe ram_tipe | O3: RAM · kecepatan (MT/s) ram_mts | P3: RAM · channel ram_channel | Q3: RAM · letak (disolder / slot) ram_layout | R3: RAM · jumlah slot ram_slot_total | S3: RAM · slot kosong ram_slot_kosong | T3: RAM · bagian disolder (GB) ram_disolder_gb | U3: RAM · maksimal (GB) ram_maks_gb | V3: Penyimpanan · ukuran (GB) st_gb | W3: Penyimpanan · tipe st_tipe | X3: Penyimpanan · antarmuka st_antarmuka | Y3: Penyimpanan · bentuk st_form | Z3: Penyimpanan · bisa diganti? st_bisa_diganti | AA3: Slot M.2 · total st_m2_total | AB3: Slot M.2 · kosong st_m2_kosong | AC3: Ruang 2,5 inci kosong? st_25_kosong | AD3: Verifikasi info upgrade verif_upgrade | AE3: Sumber info upgrade sumber_upgrade | AF3: Bobot (kg) bobot_kg | AG3: Layar · jenis panel panel | AH3: Layar · resolusi resolusi | AI3: Layar · refresh rate (Hz) refresh_hz | AJ3: Layar sentuh? sentuh | AK3: Baterai (Wh) baterai_wh | AL3: Charger (watt) charger_w | AM3: Wi-Fi wifi | AN3: Bluetooth (versi) bluetooth | AO3: Sensor sidik jari? sidik_jari | AP3: Keyboard berlampu? kb_lampu | AQ3: Webcam webcam | AR3: Sistem operasi bawaan os | AS3: Edisi OS os_edisi | AT3: Office bawaan office | AU3: Garansi · jenis garansi_jenis | AV3: Garansi · lama (bulan) garansi_bulan | AW3: Garansi · baterai (bulan) garansi_baterai | AX3: Tersedia baru? tersedia_baru | AY3: Tersedia bekas? tersedia_bekas | AZ3: Catatan editor (bahasa awam) catatan_editor | BA3: Umur (tahun) · otomatis umur | BB3: Windows 11 resmi? · otomatis win11
A4: contoh-a14-i5-8-512 | B4: contoh-a14 | C4: A14-I5-8512 | D4: 2023 | E4: dijual | G4: Resmi Indonesia | H4: Tipis harian | I4: Pelajar dan pekerja kantoran | J4: Intel Core i5-1235U (CONTOH) | K4: Intel Iris Xe (CONTOH) | M4: 8 | N4: LPDDR4X | O4: 4266 | P4: dual | Q4: disolder | R4: 0 | S4: 0 | T4: 8 | U4: 8 | V4: 512 | W4: nvme_ssd | X4: PCIe 3.0 x4 | Y4: M.2 2280 | Z4: ya | AA4: 1 | AB4: 0 | AC4: tidak | AD4: terverifikasi | AE4: (contoh) manual servis resmi pabrikan | AF4: 1.4 | AG4: IPS | AH4: 1920x1080 | AI4: 60 | AJ4: tidak | AK4: 42 | AL4: 65 | AM4: Wi-Fi 6 | AN4: 5.2 | AO4: tidak | AP4: ya | AQ4: 720p | AR4: Windows 11 | AS4: Home | AT4: Home & Student (permanen) | AU4: Resmi Indonesia | AV4: 24 | AW4: 12 | AX4: ya | AY4: ya | AZ4: (CONTOH) RAM menempel di papan utama, jadi tidak bisa ditambah. Pilih ukuran yang cukup saat membeli. | BA4: =IF(D4="","",YEAR(TODAY())-D4) -> 3 | BB4: =IF(J4="","",IFERROR(IF(INDEX(CPU!$I$4:$I$64,MATCH(J4,CPU!$A$4:$A$64,0))="","(isi di tab CPU)",INDEX(CPU!$I$4:$I$64,MATCH(J4,CPU!$A$4:$A$64,0))),"(CPU belum ada di tab CPU)")) -> ya
A5: asus-m1405ya-r5-7430u-16-512 | B5: asus-m1405ya | C5: M1405YA-VIPS555 | E5: dijual | G5: Resmi Indonesia | H5: Vivobook (kategori Untuk Rumah) | J5: AMD Ryzen 5 7430U | K5: AMD Radeon Graphics (7 inti) | M5: 16 | N5: DDR4 | P5: dual | Q5: setengah_disolder | R5: 1 | S5: 0 | T5: 8 | U5: 16 | V5: 512 | W5: nvme_ssd | X5: PCIe 3.0 | Y5: M.2 2280 | Z5: ya | AA5: 1 | AB5: 0 | AC5: tidak | AD5: terverifikasi | AE5: ASUS techspec M1405: RAM 8 GB onboard + 8 GB SO-DIMM, maksimal 16 GB; 1 slot M.2 2280, hanya SSD satu sisi. https://asus.com/laptops/for-home/vivobook/asus-vivobook-14-oled-m1405/techspec | AF5: 1.6 | AG5: IPS | AH5: 1920x1200 | AI5: 60 | AJ5: tidak | AK5: 42 | AL5: 45 | AO5: ya | AP5: ya | AQ5: 720p | AR5: Windows 11 | AS5: Home | AT5: Home & Student (permanen) | AU5: Resmi Indonesia | AV5: 12 | AX5: ya | AY5: unknown | AZ5: RAM terdiri dari 8 GB yang menempel di papan utama dan 8 GB modul di slot. Hanya modul slot yang bisa diganti, dengan batas total 16 GB menurut ASUS. SSD harus yang satu sisi karena ada komponen di dekat slot M.2. | BA5: =IF(D5="","",YEAR(TODAY())-D5) | BB5: =IF(J5="","",IFERROR(IF(INDEX(CPU!$I$4:$I$64,MATCH(J5,CPU!$A$4:$A$64,0))="","(isi di tab CPU)",INDEX(CPU!$I$4:$I$64,MATCH(J5,CPU!$A$4:$A$64,0))),"(CPU belum ada di tab CPU)")) -> ya
A6: hp-pavilion-x360-14-ek1005tu-i5-1335u-16-512 | B6: hp-pavilion-x360-14 | C6: 14-ek1005TU (7N725PA) | D6: 2023 | E6: unknown | G6: Resmi Indonesia | H6: Pavilion (laptop pribadi) | J6: Intel Core i5-1335U | K6: Intel Iris Xe Graphics (80 EU) | M6: 16 | N6: DDR4 | O6: 3200 | Q6: disolder | R6: 0 | S6: 0 | T6: 16 | U6: 16 | V6: 512 | W6: nvme_ssd | X6: PCIe NVMe | Y6: unknown | Z6: ya | AC6: unknown | AD6: belum terverifikasi | AE6: RAM: halaman HP Indonesia ('16 GB DDR4-3200 MHz RAM (onboard)') dan Kingston (0 slot RAM, tidak bisa dilepas). SSD: bentuk M.2 dari HP; bisa diganti menurut forum HP untuk seri 14-ek0000; belum ada manual servis seri ini. https://hp.com/id-id/shop/hp-pavilion-x360-2-in-1-laptop-14-ek1005tu-7n725pa.html | AF6: 1.51 | AG6: IPS | AH6: 1920x1080 | AJ6: ya | AK6: 43 | AL6: 65 | AM6: Wi-Fi 6 | AN6: 5.3 | AO6: ya | AP6: ya | AQ6: 5 MP | AR6: Windows 11 | AS6: Single Language | AT6: Home & Student (permanen) | AU6: Resmi Indonesia | AV6: 24 | AX6: ya | AY6: unknown | AZ6: RAM 16 GB menempel di papan utama, jadi tidak bisa ditambah atau diganti. SSD berbentuk M.2; menurut forum HP bisa diganti selama SSD satu sisi, tetapi belum ada manual servis resmi untuk seri ini. | BA6: =IF(D6="","",YEAR(TODAY())-D6) -> 3 | BB6: =IF(J6="","",IFERROR(IF(INDEX(CPU!$I$4:$I$64,MATCH(J6,CPU!$A$4:$A$64,0))="","(isi di tab CPU)",INDEX(CPU!$I$4:$I$64,MATCH(J6,CPU!$A$4:$A$64,0))),"(CPU belum ada di tab CPU)")) -> ya
A7: axioo-hype-10-n4020-8-256-w11 | B7: axioo-hype-10 | C7: SLI-HY10-244C08HNR1 | E7: unknown | G7: Resmi Indonesia | H7: Hype (seri harga terjangkau) | I7: Generasi muda Indonesia (siaran pers Axioo, 15 November 2024) | J7: Intel Celeron N4020 | K7: Intel UHD Graphics 600 | M7: 8 | N7: DDR4 | O7: 2400 | P7: single | Q7: slot | R7: 1 | S7: 0 | T7: 0 | U7: 8 | V7: 256 | W7: sata_ssd | X7: SATA | Y7: M.2 2280 | Z7: ya | AA7: 2 | AC7: unknown | AD7: belum terverifikasi | AE7: Situs Axioo, halaman perbandingan Hype 1 Intel: 1x SODIMM DDR4 maksimal 8 GB; 2x M.2 2280 SATA. Halaman Poin Xtra untuk Hype 10 menulis 'SODIMM DDR4' dan memakai kalimat spesifikasi layar yang sama dengan situs Axioo, tetapi kesamaan Hype 10 dan Hype 1 Intel belum dikonfirmasi Axioo. https://axiooworld.com/product/compare/hype-1-intel/pongo-735 | AF7: 1.4 | AG7: TN | AH7: 1366x768 | AI7: 60 | AJ7: tidak | AK7: 38 | AR7: Windows 11 | AS7: unknown | AT7: unknown | AU7: Resmi Indonesia | AX7: ya | AY7: unknown | AZ7: RAM memakai satu modul di slot, jadi tidak ada slot kosong dan batasnya 8 GB. Ada dua slot M.2 SATA; jumlah yang masih kosong belum diketahui. Kedua port USB-C hanya untuk data. | BA7: =IF(D7="","",YEAR(TODAY())-D7) | BB7: =IF(J7="","",IFERROR(IF(INDEX(CPU!$I$4:$I$64,MATCH(J7,CPU!$A$4:$A$64,0))="","(isi di tab CPU)",INDEX(CPU!$I$4:$I$64,MATCH(J7,CPU!$A$4:$A$64,0))),"(CPU belum ada di tab CPU)")) -> ya
A8: axioo-hype-10-n4020-8-256-w10 | B8: axioo-hype-10 | C8: 244C08HNR0 | E8: unknown | G8: Resmi Indonesia | H8: Hype (seri harga terjangkau) | I8: Generasi muda Indonesia (siaran pers Axioo, 15 November 2024) | J8: Intel Celeron N4020 | K8: Intel UHD Graphics 600 | M8: 8 | N8: DDR4 | O8: 2400 | P8: single | Q8: slot | R8: 1 | S8: 0 | T8: 0 | U8: 8 | V8: 256 | W8: sata_ssd | X8: SATA | Y8: M.2 2280 | Z8: ya | AA8: 2 | AC8: unknown | AD8: belum terverifikasi | AE8: Situs Axioo, halaman perbandingan Hype 1 Intel: 1x SODIMM DDR4 maksimal 8 GB; 2x M.2 2280 SATA. Halaman Poin Xtra untuk Hype 10 menulis 'SODIMM DDR4' dan memakai kalimat spesifikasi layar yang sama dengan situs Axioo, tetapi kesamaan Hype 10 dan Hype 1 Intel belum dikonfirmasi Axioo. https://axiooworld.com/product/compare/hype-1-intel/pongo-735 | AF8: 1.4 | AG8: TN | AH8: 1366x768 | AJ8: tidak | AK8: 38 | AM8: Wi-Fi 5 | AN8: 5.1 | AR8: Windows 10 | AS8: unknown | AT8: unknown | AU8: Resmi Indonesia | AV8: 12 | AX8: ya | AY8: unknown | AZ8: Versi dengan Windows 10. Dukungan resmi Windows 10 berakhir pada 14 Oktober 2025, sedangkan prosesor N4020 termasuk dalam daftar resmi Windows 11. | BA8: =IF(D8="","",YEAR(TODAY())-D8) | BB8: =IF(J8="","",IFERROR(IF(INDEX(CPU!$I$4:$I$64,MATCH(J8,CPU!$A$4:$A$64,0))="","(isi di tab CPU)",INDEX(CPU!$I$4:$I$64,MATCH(J8,CPU!$A$4:$A$64,0))),"(CPU belum ada di tab CPU)")) -> ya
A9: lenovo-thinkpad-t480-i5-8350u-8-256 | B9: lenovo-thinkpad-t480 | C9: (bekas, tanpa kode seragam) | D9: 2018 | E9: bekas_saja | G9: unknown | H9: ThinkPad seri T | J9: Intel Core i5-8350U | K9: Intel UHD Graphics 620 | M9: 8 | N9: DDR4 | O9: 2400 | P9: unknown | Q9: slot | R9: 2 | T9: 0 | U9: 32 | V9: 256 | W9: unknown | X9: unknown | Y9: unknown | Z9: ya | AA9: 1 | AC9: tidak | AD9: terverifikasi | AE9: Lenovo PSREF T480: 2 slot SO-DIMM DDR4, maksimal 32 GB; satu slot HDD 2,5 inci atau satu slot M.2 2280 untuk penyimpanan utama. Windows Central: RAM dan penyimpanan bisa diganti lewat panel belakang. https://psref.lenovo.com/syspool/Sys/PDF/ThinkPad/ThinkPad_T480/ThinkPad_T480_Spec.PDF | AF9: 1.58 | AG9: unknown | AH9: unknown | AJ9: unknown | AM9: Wi-Fi 5 | AN9: 4.1 | AO9: unknown | AP9: unknown | AQ9: 720p | AR9: unknown | AS9: unknown | AT9: unknown | AU9: Toko | AX9: unknown | AY9: ya | AZ9: RAM memakai dua slot SO-DIMM dan bisa sampai 32 GB. Menurut Lenovo, penyimpanan utama memakai satu slot hard disk 2,5 inci atau satu slot M.2 2280, tidak keduanya sekaligus. Bobot resmi 1,58-1,87 kg tergantung baterai dan layar. Konfigurasi bekas berbeda tiap penjual: cek tipe SSD, layar, dan kondisi baterai. | BA9: =IF(D9="","",YEAR(TODAY())-D9) -> 8 | BB9: =IF(J9="","",IFERROR(IF(INDEX(CPU!$I$4:$I$64,MATCH(J9,CPU!$A$4:$A$64,0))="","(isi di tab CPU)",INDEX(CPU!$I$4:$I$64,MATCH(J9,CPU!$A$4:$A$64,0))),"(CPU belum ada di tab CPU)")) -> ya
A10: lenovo-thinkpad-t480-i5-8350u-16-512 | B10: lenovo-thinkpad-t480 | C10: (bekas, tanpa kode seragam) | D10: 2018 | E10: bekas_saja | G10: unknown | H10: ThinkPad seri T | J10: Intel Core i5-8350U | K10: Intel UHD Graphics 620 | M10: 16 | N10: DDR4 | O10: 2400 | P10: unknown | Q10: slot | R10: 2 | T10: 0 | U10: 32 | V10: 512 | W10: unknown | X10: unknown | Y10: unknown | Z10: ya | AA10: 1 | AC10: tidak | AD10: terverifikasi | AE10: Lenovo PSREF T480: 2 slot SO-DIMM DDR4, maksimal 32 GB; satu slot HDD 2,5 inci atau satu slot M.2 2280 untuk penyimpanan utama. Windows Central: RAM dan penyimpanan bisa diganti lewat panel belakang. https://psref.lenovo.com/syspool/Sys/PDF/ThinkPad/ThinkPad_T480/ThinkPad_T480_Spec.PDF | AF10: 1.58 | AG10: unknown | AH10: unknown | AJ10: unknown | AM10: Wi-Fi 5 | AN10: 4.1 | AO10: unknown | AP10: unknown | AQ10: 720p | AR10: unknown | AS10: unknown | AT10: unknown | AU10: Toko | AX10: unknown | AY10: ya | AZ10: Sama seperti T480 8/256, tetapi RAM 16 GB dan penyimpanan 512 GB. Bobot resmi 1,58-1,87 kg tergantung baterai dan layar. Cek tipe SSD, layar, dan kondisi baterai sebelum membeli. | BA10: =IF(D10="","",YEAR(TODAY())-D10) -> 8 | BB10: =IF(J10="","",IFERROR(IF(INDEX(CPU!$I$4:$I$64,MATCH(J10,CPU!$A$4:$A$64,0))="","(isi di tab CPU)",INDEX(CPU!$I$4:$I$64,MATCH(J10,CPU!$A$4:$A$64,0))),"(CPU belum ada di tab CPU)")) -> ya
A11: dell-latitude-5400-i5-8265u-8-256 | B11: dell-latitude-5400 | C11: (bekas, tanpa kode seragam) | D11: 2019 | E11: bekas_saja | G11: unknown | H11: Latitude seri 5000 | J11: Intel Core i5-8265U | K11: Intel UHD Graphics 620 | M11: 8 | N11: DDR4 | O11: 2400 | P11: unknown | Q11: slot | R11: 2 | T11: 0 | U11: 32 | V11: 256 | W11: unknown | X11: unknown | Y11: unknown | Z11: ya | AA11: 1 | AC11: unknown | AD11: terverifikasi | AE11: Dell Latitude 5400 (panduan spesifikasi dan manual servis): 2 slot SoDIMM DDR4, maksimal 32 GB; 1 slot M.2 (2230 atau 2280); ruang hard disk 2,5 inci tidak bisa dipakai pada baterai 4-sel. LaptopMedia (ulasan 6 Agustus 2019): 2 slot RAM dan slot M.2 NVMe. https://www.dell.com/support/product-details/en-us/product/latitude-14-5400-laptop/resources/manuals | AF11: 1.48 | AG11: unknown | AH11: unknown | AJ11: unknown | AO11: unknown | AP11: unknown | AR11: unknown | AS11: unknown | AT11: unknown | AU11: Toko | AX11: unknown | AY11: ya | AZ11: Dua slot RAM (maksimal 32 GB) dan satu slot M.2. Bila baterainya 4-sel (68 Wh), ruang hard disk 2,5 inci tidak bisa dipakai. Konfigurasi bekas berbeda tiap penjual: cek tipe SSD, layar, dan kondisi baterai. | BA11: =IF(D11="","",YEAR(TODAY())-D11) -> 7 | BB11: =IF(J11="","",IFERROR(IF(INDEX(CPU!$I$4:$I$64,MATCH(J11,CPU!$A$4:$A$64,0))="","(isi di tab CPU)",INDEX(CPU!$I$4:$I$64,MATCH(J11,CPU!$A$4:$A$64,0))),"(CPU belum ada di tab CPU)")) -> ya
A12: dell-latitude-5400-i5-8365u-8-256 | B12: dell-latitude-5400 | C12: (bekas, tanpa kode seragam) | D12: 2019 | E12: bekas_saja | G12: unknown | H12: Latitude seri 5000 | J12: Intel Core i5-8365U | K12: Intel UHD Graphics 620 | M12: 8 | N12: DDR4 | O12: 2400 | P12: unknown | Q12: slot | R12: 2 | T12: 0 | U12: 32 | V12: 256 | W12: unknown | X12: unknown | Y12: unknown | Z12: ya | AA12: 1 | AC12: unknown | AD12: terverifikasi | AE12: Dell Latitude 5400 (panduan spesifikasi dan manual servis): 2 slot SoDIMM DDR4, maksimal 32 GB; 1 slot M.2 (2230 atau 2280); ruang hard disk 2,5 inci tidak bisa dipakai pada baterai 4-sel. LaptopMedia (ulasan 6 Agustus 2019): 2 slot RAM dan slot M.2 NVMe. https://www.dell.com/support/product-details/en-us/product/latitude-14-5400-laptop/resources/manuals | AF12: 1.48 | AG12: unknown | AH12: unknown | AJ12: unknown | AO12: unknown | AP12: unknown | AR12: unknown | AS12: unknown | AT12: unknown | AU12: Toko | AX12: unknown | AY12: ya | AZ12: Sama seperti Latitude 5400 i5-8265U, tetapi prosesornya i5-8365U yang mendukung vPro (fitur pengelolaan jarak jauh untuk kantor). Bila baterainya 4-sel (68 Wh), ruang hard disk 2,5 inci tidak bisa dipakai. | BA12: =IF(D12="","",YEAR(TODAY())-D12) -> 7 | BB12: =IF(J12="","",IFERROR(IF(INDEX(CPU!$I$4:$I$64,MATCH(J12,CPU!$A$4:$A$64,0))="","(isi di tab CPU)",INDEX(CPU!$I$4:$I$64,MATCH(J12,CPU!$A$4:$A$64,0))),"(CPU belum ada di tab CPU)")) -> ya
BA13: =IF(D13="","",YEAR(TODAY())-D13) | BB13: =IF(J13="","",IFERROR(IF(INDEX(CPU!$I$4:$I$64,MATCH(J13,CPU!$A$4:$A$64,0))="","(isi di tab CPU)",INDEX(CPU!$I$4:$I$64,MATCH(J13,CPU!$A$4:$A$64,0))),"(CPU belum ada di tab CPU)"))
BA14: =IF(D14="","",YEAR(TODAY())-D14) | BB14: =IF(J14="","",IFERROR(IF(INDEX(CPU!$I$4:$I$64,MATCH(J14,CPU!$A$4:$A$64,0))="","(isi di tab CPU)",INDEX(CPU!$I$4:$I$64,MATCH(J14,CPU!$A$4:$A$64,0))),"(CPU belum ada di tab CPU)"))
BA15: =IF(D15="","",YEAR(TODAY())-D15) | BB15: =IF(J15="","",IFERROR(IF(INDEX(CPU!$I$4:$I$64,MATCH(J15,CPU!$A$4:$A$64,0))="","(isi di tab CPU)",INDEX(CPU!$I$4:$I$64,MATCH(J15,CPU!$A$4:$A$64,0))),"(CPU belum ada di tab CPU)"))
BA16: =IF(D16="","",YEAR(TODAY())-D16) | BB16: =IF(J16="","",IFERROR(IF(INDEX(CPU!$I$4:$I$64,MATCH(J16,CPU!$A$4:$A$64,0))="","(isi di tab CPU)",INDEX(CPU!$I$4:$I$64,MATCH(J16,CPU!$A$4:$A$64,0))),"(CPU belum ada di tab CPU)"))
BA17: =IF(D17="","",YEAR(TODAY())-D17) | BB17: =IF(J17="","",IFERROR(IF(INDEX(CPU!$I$4:$I$64,MATCH(J17,CPU!$A$4:$A$64,0))="","(isi di tab CPU)",INDEX(CPU!$I$4:$I$64,MATCH(J17,CPU!$A$4:$A$64,0))),"(CPU belum ada di tab CPU)"))
BA18: =IF(D18="","",YEAR(TODAY())-D18) | BB18: =IF(J18="","",IFERROR(IF(INDEX(CPU!$I$4:$I$64,MATCH(J18,CPU!$A$4:$A$64,0))="","(isi di tab CPU)",INDEX(CPU!$I$4:$I$64,MATCH(J18,CPU!$A$4:$A$64,0))),"(CPU belum ada di tab CPU)"))
BA19: =IF(D19="","",YEAR(TODAY())-D19) | BB19: =IF(J19="","",IFERROR(IF(INDEX(CPU!$I$4:$I$64,MATCH(J19,CPU!$A$4:$A$64,0))="","(isi di tab CPU)",INDEX(CPU!$I$4:$I$64,MATCH(J19,CPU!$A$4:$A$64,0))),"(CPU belum ada di tab CPU)"))
BA20: =IF(D20="","",YEAR(TODAY())-D20) | BB20: =IF(J20="","",IFERROR(IF(INDEX(CPU!$I$4:$I$64,MATCH(J20,CPU!$A$4:$A$64,0))="","(isi di tab CPU)",INDEX(CPU!$I$4:$I$64,MATCH(J20,CPU!$A$4:$A$64,0))),"(CPU belum ada di tab CPU)"))
BA21: =IF(D21="","",YEAR(TODAY())-D21) | BB21: =IF(J21="","",IFERROR(IF(INDEX(CPU!$I$4:$I$64,MATCH(J21,CPU!$A$4:$A$64,0))="","(isi di tab CPU)",INDEX(CPU!$I$4:$I$64,MATCH(J21,CPU!$A$4:$A$64,0))),"(CPU belum ada di tab CPU)"))
BA22: =IF(D22="","",YEAR(TODAY())-D22) | BB22: =IF(J22="","",IFERROR(IF(INDEX(CPU!$I$4:$I$64,MATCH(J22,CPU!$A$4:$A$64,0))="","(isi di tab CPU)",INDEX(CPU!$I$4:$I$64,MATCH(J22,CPU!$A$4:$A$64,0))),"(CPU belum ada di tab CPU)"))
BA23: =IF(D23="","",YEAR(TODAY())-D23) | BB23: =IF(J23="","",IFERROR(IF(INDEX(CPU!$I$4:$I$64,MATCH(J23,CPU!$A$4:$A$64,0))="","(isi di tab CPU)",INDEX(CPU!$I$4:$I$64,MATCH(J23,CPU!$A$4:$A$64,0))),"(CPU belum ada di tab CPU)"))
BA24: =IF(D24="","",YEAR(TODAY())-D24) | BB24: =IF(J24="","",IFERROR(IF(INDEX(CPU!$I$4:$I$64,MATCH(J24,CPU!$A$4:$A$64,0))="","(isi di tab CPU)",INDEX(CPU!$I$4:$I$64,MATCH(J24,CPU!$A$4:$A$64,0))),"(CPU belum ada di tab CPU)"))
... BA64: =IF(D64="","",YEAR(TODAY())-D64) | BB64: =IF(J64="","",IFERROR(IF(INDEX(CPU!$I$4:$I$64,MATCH(J64,CPU!$A$4:$A$64,0))="","(isi di tab CPU)",INDEX(CPU!$I$4:$I$64,MATCH(J64,CPU!$A$4:$A$64,0))),"(CPU belum ada di tab CPU)"))

Sheet CPU
A1: CPU: satu baris untuk satu prosesor
A2: Tingkat 1-5 adalah penilaian kita sendiri (usulan awal); alasannya wajib diisi. Tab Varian memilih CPU dari sini.
A3: Nama prosesor nama | B3: Produsen produsen | C3: Generasi / seri generasi | D3: Nama kode kode | E3: Tahun rilis tahun | F3: Jumlah inti core | G3: Jumlah thread thread | H3: Kelas daya kelas | I3: Resmi Windows 11? win11 | J3: Tingkat (1-5) tier | K3: Alasan tingkat alasan | L3: Penjelasan bahasa awam awam | M3: Sumber sumber | N3: Tanggal diperiksa tgl
A4: Intel Core i5-1235U (CONTOH) | B4: Intel | C4: Core generasi ke-12 | D4: Alder Lake | E4: 2022 | F4: 10 | G4: 12 | H4: hemat | I4: ya | J4: 3 | K4: (CONTOH) Cukup untuk kuliah dan kerja kantoran; kurang untuk render video berat. | L4: (CONTOH) Otak laptop yang kuat untuk pekerjaan harian. | M4: (contoh) situs resmi Intel | N4: 46303
A5: AMD Ryzen 5 7430U | B5: AMD | C5: Ryzen 5 seri 7000 (U) | D5: Barcelo-R | E5: 2023 | F5: 6 | G5: 12 | H5: hemat | I5: ya | J5: 3 | K5: 6 inti 12 thread, boost sampai 4,3 GHz, daya 15 W. Cukup untuk kuliah, kerja kantoran, dan banyak tab terbuka; masih di bawah prosesor kelas 45 W untuk render atau kompilasi berat. | L5: Otak laptop kelas menengah dengan 6 inti. Bisa mengerjakan beberapa hal sekaligus dengan lancar dan tetap hemat baterai. | M5: AMD: https://www.amd.com/en/products/processors/laptop/ryzen/7000-series/amd-ryzen-5-7430u.html (daftar sistem operasi yang didukung memuat Windows 11). Prosesor ini tidak ada di daftar AMD milik Microsoft, tetapi ASUS menjual M1405YA dengan Windows 11. | N5: 46303
A6: Intel Core i5-1335U | B6: Intel | C6: Core generasi ke-13 | D6: Raptor Lake | E6: 2023 | F6: 10 | G6: 12 | H6: hemat | I6: ya | J6: 3 | K6: 10 inti (2 inti performa + 8 inti hemat) 12 thread, turbo sampai 4,6 GHz, daya dasar 15 W. Lancar untuk kuliah dan kerja kantoran; kurang untuk render atau kompilasi besar. | L6: Otak laptop kelas menengah generasi ke-13. Cepat untuk pekerjaan harian dan tetap hemat baterai. | M6: Intel ARK: https://www.intel.com/content/www/us/en/products/sku/232153/specifications.html Windows 11: https://learn.microsoft.com/en-us/windows-hardware/design/minimum/supported/windows-11-supported-intel-processors (baris 13th Generation Core i5). | N6: 46303
A7: Intel Celeron N4020 | B7: Intel | C7: Celeron N4000 | D7: Gemini Lake Refresh | E7: 2019 | F7: 2 | G7: 2 | H7: hemat | I7: ya | J7: 1 | K7: 2 inti 2 thread, kecepatan dasar 1,1 GHz (burst 2,8 GHz), daya 6 W, RAM maksimal 8 GB. Cukup untuk dokumen dan internet ringan; terasa lambat bila banyak tab atau aplikasi dibuka sekaligus. | L7: Otak laptop paling sederhana. Hemat daya, tetapi mudah kewalahan kalau banyak yang dibuka sekaligus. | M7: Intel ARK: https://www.intel.com/content/www/us/en/products/sku/197310/specifications.html Windows 11: https://learn.microsoft.com/en-us/windows-hardware/design/minimum/supported/windows-11-supported-intel-processors (baris Celeron N4000 Series). | N7: 46303
A8: Intel Core i5-8350U | B8: Intel | C8: Core generasi ke-8 | D8: Kaby Lake R | E8: 2017 | F8: 4 | G8: 8 | H8: hemat | I8: ya | J8: 2 | K8: 4 inti 8 thread (1,7 GHz dasar, 3,6 GHz turbo), daya 15 W. Cukup untuk dokumen, internet, dan kuliah; intinya lebih sedikit dan lebih tua daripada prosesor generasi ke-13 (i5-1335U: 10 inti). | L8: Otak laptop kelas menengah dari generasi lama (2017). Masih cukup untuk tugas harian, tetapi lebih lambat daripada prosesor baru. | M8: Intel ARK: https://www.intel.com/content/www/us/en/products/sku/124969/specifications.html Windows 11: https://learn.microsoft.com/en-us/windows-hardware/design/minimum/supported/windows-11-supported-intel-processors (baris 8th Generation Core i5). | N8: 46303
A9: Intel Core i5-8265U | B9: Intel | C9: Core generasi ke-8 | D9: Whiskey Lake | E9: 2018 | F9: 4 | G9: 8 | H9: hemat | I9: ya | J9: 2 | K9: 4 inti 8 thread (1,6 GHz dasar, 3,9 GHz turbo), daya 15 W. Cukup untuk dokumen, internet, dan kuliah; intinya lebih sedikit dan lebih tua daripada prosesor generasi ke-13. | L9: Otak laptop kelas menengah dari generasi lama (2018). Masih cukup untuk tugas harian, tetapi lebih lambat daripada prosesor baru. | M9: Intel ARK: https://www.intel.com/content/www/us/en/products/sku/149088/specifications.html Windows 11: https://learn.microsoft.com/en-us/windows-hardware/design/minimum/supported/windows-11-supported-intel-processors (baris 8th Generation Core i5). | N9: 46303
A10: Intel Core i5-8365U | B10: Intel | C10: Core generasi ke-8 | D10: Whiskey Lake | E10: 2019 | F10: 4 | G10: 8 | H10: hemat | I10: ya | J10: 2 | K10: 4 inti 8 thread (1,6 GHz dasar, 4,1 GHz turbo), daya 15 W, mendukung vPro. Cukup untuk dokumen, internet, dan kuliah; intinya lebih sedikit dan lebih tua daripada prosesor generasi ke-13. | L10: Otak laptop kelas menengah dari generasi lama (2019), dengan fitur pengelolaan jarak jauh untuk kantor (vPro). Masih cukup untuk tugas harian. | M10: Intel ARK: https://www.intel.com/content/www/us/en/products/sku/193555/intel-core-i58365u-processor-6m-cache-up-to-4-10-ghz/specifications.html Windows 11: https://learn.microsoft.com/en-us/windows-hardware/design/minimum/supported/windows-11-supported-intel-processors (baris 8th Generation Core i5). | N10: 46303

Sheet GPU
A1: GPU: satu baris untuk satu kartu grafis
A2: Grafis bawaan juga ditulis di sini. Tingkat 1-5 adalah penilaian kita sendiri (usulan awal); alasannya wajib diisi.
A3: Nama kartu grafis nama | B3: Produsen produsen | C3: Jenis jenis | D3: Arsitektur arsitektur | E3: Tahun rilis tahun | F3: VRAM (GB, isi 0 bila bawaan) vram | G3: Tingkat (1-5) tier | H3: Alasan tingkat alasan | I3: Penjelasan bahasa awam awam | J3: Sumber sumber | K3: Tanggal diperiksa tgl
A4: Intel Iris Xe (CONTOH) | B4: Intel | C4: bawaan | D4: Xe-LP | E4: 2020 | F4: 0 | G4: 2 | H4: (CONTOH) Cukup untuk video dan game ringan; tidak untuk game berat. | I4: (CONTOH) Pengolah gambar yang menyatu dengan CPU dan berbagi memori dengan RAM. | J4: (contoh) situs resmi Intel | K4: 46303
A5: AMD Radeon Graphics (7 inti) | B5: AMD | C5: bawaan | F5: 0 | G5: 2 | H5: Grafis bawaan Ryzen 5 7430U dengan 7 inti grafis (1800 MHz), berbagi memori dengan RAM. Cukup untuk video, desain ringan, dan game ringan. | I5: Pengolah gambar yang menyatu dengan prosesor dan memakai sebagian memori RAM. Cukup untuk menonton video, desain ringan, dan game ringan. | J5: AMD: https://www.amd.com/en/products/processors/laptop/ryzen/7000-series/amd-ryzen-5-7430u.html | K5: 46303
A6: Intel Iris Xe Graphics (80 EU) | B6: Intel | C6: bawaan | F6: 0 | G6: 2 | H6: Grafis bawaan i5-1335U dengan 80 unit eksekusi, berbagi memori dengan RAM. Cukup untuk video, desain ringan, dan game ringan. | I6: Pengolah gambar yang menyatu dengan prosesor dan memakai sebagian memori RAM. Cukup untuk menonton video, desain ringan, dan game ringan. | J6: Intel ARK: https://www.intel.com/content/www/us/en/products/sku/232153/specifications.html | K6: 46303
A7: Intel UHD Graphics 600 | B7: Intel | C7: bawaan | F7: 0 | G7: 1 | H7: Grafis bawaan paling dasar pada Celeron N4020, tanpa kartu grafis terpisah. Untuk tampilan, dokumen, dan video biasa. | I7: Pengolah gambar paling dasar yang menyatu dengan prosesor. Cukup untuk tampilan, dokumen, dan menonton video; tidak untuk game berat. | J7: Intel ARK: https://www.intel.com/content/www/us/en/products/sku/197310/specifications.html | K7: 46303
A8: Intel UHD Graphics 620 | B8: Intel | C8: bawaan | F8: 0 | G8: 1 | H8: Grafis bawaan prosesor Core generasi ke-8, tanpa kartu grafis terpisah. Untuk tampilan, dokumen, dan video biasa. | I8: Pengolah gambar dasar yang menyatu dengan prosesor. Cukup untuk tampilan, dokumen, dan menonton video; tidak untuk game berat. | J8: Intel ARK: https://www.intel.com/content/www/us/en/products/sku/124969/specifications.html; Dell Latitude 5400: UHD Graphics 620 bawaan (atau AMD Radeon 540X pada konfigurasi tertentu) | K8: 46303

Sheet Harga
A1: Harga: satu baris untuk satu pengamatan harga pada satu tanggal
A2: Jangan menimpa harga lama; tambahkan baris baru setiap kali harga dicek, supaya riwayatnya terlihat.
A3: ID varian id_varian | B3: Kondisi kondisi | C3: Harga terendah (Rp) hmin | D3: Harga tertinggi (Rp) hmaks | E3: Harga tengah (Rp) · otomatis tengah | F3: Jenis sumber jenis_sumber | G3: Sumber (tautan atau nama toko) sumber | H3: Tanggal dicek tgl | I3: Catatan catatan
A4: contoh-a14-i5-8-512 | B4: baru | C4: 7000000 | D4: 7500000 | E4: =IF(OR(C4="",D4=""),"",(C4+D4)/2) -> 7250000 | F4: marketplace | G4: (contoh) halaman pencarian marketplace | H4: 46303 | I4: (CONTOH) Rentang dari lima penjual teratas.
A5: asus-m1405ya-r5-7430u-16-512 | B5: baru | C5: 8839000 | D5: 8839000 | E5: =IF(OR(C5="",D5=""),"",(C5+D5)/2) -> 8839000 | F5: marketplace | G5: https://poinxtra.cimbniaga.co.id/TD/29907030/Asus-Vivobook-14-Ryzen-5-7430U-16-512GB-Cool-Silver-M1405YA-VIPS555 | H5: 46303 | I5: Poin Xtra CIMB Niaga. Harga daftar Rp8.999.000. Stok habis saat dicek.
A6: asus-m1405ya-r5-7430u-16-512 | B6: baru | C6: 8590000 | D6: 8590000 | E6: =IF(OR(C6="",D6=""),"",(C6+D6)/2) -> 8590000 | F6: marketplace | G6: https://ekatalog.its.ac.id/shop/product/asus-m1405ya-vips555-non-tkdn-5972?page=3 | H6: 46303 | I6: Katalog pengadaan ITS. Penjual: PT Megastar Electronics. Stok tidak tertulis.
A7: asus-m1405ya-r5-7430u-16-512 | B7: baru | C7: 8039000 | D7: 8039000 | E7: =IF(OR(C7="",D7=""),"",(C7+D7)/2) -> 8039000 | F7: marketplace | G7: https://www.tokopedia.com/decacom/asus-vivobook-14-oled-m1405ya-ryzen-7-7730u-ryzen-5-7430u-16gb-512ssd-1tb-w11-ohs-1730850621135292383 | H7: 46303 | I7: Tokopedia, toko decacom, pilihan Ryzen 5 16GB/512GB. Harga coret Rp9.199.000. Stok 83 unit.
A8: asus-m1405ya-r5-7430u-16-512 | B8: baru | C8: 7729000 | D8: 9394000 | E8: =IF(OR(C8="",D8=""),"",(C8+D8)/2) -> 8561500 | F8: marketplace | G8: https://www.tokopedia.com/find/asus-vivobook-14-m1405ya-ryzen-5-7430u-16gb-512gb | H8: 46303 | I8: Hasil pencarian Tokopedia. Enam dari sepuluh listing dipakai (tiga di antaranya sama di Rp7.729.000). Empat listing Rp15,8-26,6 juta tidak dipakai karena jauh di atas harga toko lain.
A9: hp-pavilion-x360-14-ek1005tu-i5-1335u-16-512 | B9: baru | C9: 13499000 | D9: 13499000 | E9: =IF(OR(C9="",D9=""),"",(C9+D9)/2) -> 13499000 | F9: toko_resmi | G9: https://hp.com/id-id/shop/hp-pavilion-x360-2-in-1-laptop-14-ek1005tu-7n725pa.html | H9: 46303 | I9: Toko resmi HP Indonesia. Status 'Kehabisan persediaan' saat dicek.
A10: hp-pavilion-x360-14-ek1005tu-i5-1335u-16-512 | B10: baru | C10: 17365000 | D10: 17365000 | E10: =IF(OR(C10="",D10=""),"",(C10+D10)/2) -> 17365000 | F10: marketplace | G10: https://www.tokopedia.com/find/laptop-hp-pavilion-x360-core-i5-1335u-16gb-512gb | H10: 46303 | I10: Tokopedia, penjual Raharja Notebook (Malang). Stok tidak tertulis. Satu listing lain di Rp8.500.000 tidak dipakai karena judulnya memuat kode model yang tidak cocok (ek100STU).
A11: axioo-hype-10-n4020-8-256-w11 | B11: baru | C11: 4799000 | D11: 4799000 | E11: =IF(OR(C11="",D11=""),"",(C11+D11)/2) -> 4799000 | F11: toko_resmi | G11: https://www.erablue.id/laptop/laptop-axioo-slimbook-hype-10-celeron-n4020-8gb-256gb-win11-midnight-black | H11: 46303 | I11: Erablue. Harga coret Rp5.299.000; promo sampai 31/10. Stok tidak tertulis.
A12: axioo-hype-10-n4020-8-256-w11 | B12: baru | C12: 5459000 | D12: 5499000 | E12: =IF(OR(C12="",D12=""),"",(C12+D12)/2) -> 5479000 | F12: marketplace | G12: https://www.tokopedia.com/find/axioo-hype-10 | H12: 46303 | I12: Hasil pencarian Tokopedia, dua listing Windows 11 (SOFTCOM Official Store Rp5.459.000; HOSANA COMPUTER Rp5.499.000). Lima listing Rp7.999.000-Rp14.099.000 di halaman yang sama tidak dipakai karena jauh di atas harga toko lain.
A13: axioo-hype-10-n4020-8-256-w10 | B13: baru | C13: 3099000 | D13: 3099000 | E13: =IF(OR(C13="",D13=""),"",(C13+D13)/2) -> 3099000 | F13: marketplace | G13: https://poinxtra.cimbniaga.co.id/TD/29772632/AXIOO-HYPE-10-N4020-8GB-256GB-W10-14-0-244C08HNR0-MIDNIGHT-BLACK | H13: 46303 | I13: Poin Xtra CIMB Niaga. Harga daftar Rp6.199.000. Stok habis saat dicek.
A14: axioo-hype-10-n4020-8-256-w10 | B14: baru | C14: 4849000 | D14: 4909000 | E14: =IF(OR(C14="",D14=""),"",(C14+D14)/2) -> 4879000 | F14: marketplace | G14: https://www.tokopedia.com/find/axioo-hype-10 | H14: 46303 | I14: Hasil pencarian Tokopedia, dua listing Windows 10 (GO LAPTOP JAKARTA Rp4.849.000, Windows 10 Pro; ROYAL COM Rp4.909.000).
A15: lenovo-thinkpad-t480-i5-8350u-8-256 | B15: bekas | C15: 3150000 | D15: 4163000 | E15: =IF(OR(C15="",D15=""),"",(C15+D15)/2) -> 3656500 | F15: marketplace | G15: https://www.tokopedia.com/find/thinkpad-t480-i5-8350u-8gb-256gb | H15: 46303 | I15: Hasil pencarian Tokopedia. Enam listing i5-8350U 8GB/256GB tanpa kata 'sentuh' (median Rp3.500.000). Tiga listing layar sentuh (Rp3.435.000-Rp4.718.000) dan satu listing 'RAM 8GB/16GB' tidak dihitung.
... A19: dell-latitude-5400-i5-8365u-8-256 | B19: bekas | C19: 3500000 | D19: 4212000 | E19: =IF(OR(C19="",D19=""),"",(C19+D19)/2) -> 3856000 | F19: marketplace | G19: https://www.tokopedia.com/find/dell-latitude-5400-i5-8365u-8gb-256gb | H19: 46303 | I19: Hasil pencarian Tokopedia, empat listing tanpa kata 'sentuh' (Rp3.500.000; Rp3.550.000; Rp3.650.000; Rp4.212.000 dengan NVMe dan layar IPS FHD). Dua listing layar sentuh (Rp3.447.000) tidak dihitung.
E20: =IF(OR(C20="",D20=""),"",(C20+D20)/2)
E21: =IF(OR(C21="",D21=""),"",(C21+D21)/2)
E22: =IF(OR(C22="",D22=""),"",(C22+D22)/2)
E23: =IF(OR(C23="",D23=""),"",(C23+D23)/2)
E24: =IF(OR(C24="",D24=""),"",(C24+D24)/2)
E25: =IF(OR(C25="",D25=""),"",(C25+D25)/2)
E26: =IF(OR(C26="",D26=""),"",(C26+D26)/2)
E27: =IF(OR(C27="",D27=""),"",(C27+D27)/2)
E28: =IF(OR(C28="",D28=""),"",(C28+D28)/2)
E29: =IF(OR(C29="",D29=""),"",(C29+D29)/2)
E30: =IF(OR(C30="",D30=""),"",(C30+D30)/2)
E31: =IF(OR(C31="",D31=""),"",(C31+D31)/2)
... E64: =IF(OR(C64="",D64=""),"",(C64+D64)/2)

Sheet Catatan Pengisian
A1: Catatan pengisian: lima laptop awal
A2: Sumber, hambatan, dan temuan untuk tiap laptop. Isian awal dikerjakan dari situs pabrikan dan situs besar pada 8 Oktober 2026. Kolom waktu diisi saat kamu memeriksa ulang datanya.
A3: Laptop · otomatis | B3: Peran · otomatis | C3: Waktu pemeriksaan (menit) | D3: Kolom yang sulit dicari | E3: Sumber yang dipakai | F3: Kolom yang akhirnya unknown | G3: Temuan penting
A4: =IF(Model!C5="","",Model!B5&" "&Model!C5) -> ASUS Vivobook 14 M1405YA | B4: =IF(Model!D5="","",Model!D5) -> Baru populer | D4: Tahun rilis varian. Tipe Wi-Fi dan Bluetooth (ASUS memuat dua pilihan tanpa menyebut varian). Kecepatan RAM tidak ditulis ASUS. | E4: ASUS techspec M1405 (RAM, penyimpanan, layar, port, baterai). The FPS Review, 10 Februari 2023 (pengumuman seri M1405). Poin Xtra CIMB, e-katalog ITS, dan Tokopedia (kode varian, harga). AMD (7430U). Daftar Windows 11 milik Microsoft. | F4: Tahun rilis varian (tahun seri 2023 dari pengumuman ASUS), kecepatan RAM, Wi-Fi, Bluetooth, bahan bodi, kemampuan USB-C, isi daya lewat USB-C. | G4: RAM setengah menempel: 8 GB di papan utama ditambah 1 slot, maksimal 16 GB. SSD hanya cocok yang satu sisi (catatan resmi ASUS). Prosesor 7430U tidak ada di daftar AMD milik Microsoft, tetapi AMD mencantumkan Windows 11 dan ASUS menjual laptop ini dengan Windows 11. Di Tokopedia, 4 dari 10 listing berharga Rp15,8-26,6 juta (tidak dipakai).
A5: =IF(Model!C6="","",Model!B6&" "&Model!C6) -> HP Pavilion x360 14-ek1000 | B5: =IF(Model!D6="","",Model!D6) -> Baru tipis atau 2-in-1 | D5: Manual servis seri ek1000 tidak ditemukan. Halaman dukungan HP butuh JavaScript sehingga tidak terbaca. Halaman produk ek2333TU dan ek0160TU di HP Indonesia hanya mengarah ke daftar toko. | E5: Halaman produk HP Indonesia 14-ek1005TU (spesifikasi, harga, stok). Kingston (slot RAM). Forum HP (seri ek0000, SSD). Notebookcheck (ek1000ng, pembanding). Intel ARK (i5-1335U). Tokopedia (harga). | F5: Bentuk SSD (2280 atau lain), jumlah slot M.2, bisa tidaknya SSD diganti (belum ada manual servis), channel RAM, refresh rate, bahan bodi, isi daya lewat USB-C, status penjualan. | G5: RAM 16 GB menempel (HP menulis 'onboard'; Kingston: 0 slot). Toko resmi HP Indonesia kehabisan stok saat dicek (Rp13.499.000). Tokopedia: Rp17.365.000 dari satu penjual; listing Rp8.500.000 diabaikan karena kode modelnya tidak cocok. Tahun rilis 2023 adalah perkiraan dari tahun rilis prosesor (Q1 2023).
A6: =IF(Model!C7="","",Model!B7&" "&Model!C7) -> Axioo Hype 10 | B6: =IF(Model!D7="","",Model!D7) -> Merek lokal | D6: Nama Hype 10 tidak ada di daftar produk situs Axioo. Spesifikasi resmi hanya ditemukan di halaman perbandingan Hype 1 Intel, yang tidak memuat bobot, baterai, Wi-Fi, Bluetooth, dan charger. | E6: Situs Axioo (halaman perbandingan Hype 1 Intel; siaran pers 15 November 2024). Erablue (spesifikasi dan harga). Poin Xtra CIMB (spesifikasi dan harga varian Windows 10). Tokopedia. Intel ARK (N4020). | F6: Tahun rilis, status penjualan, charger, sidik jari, keyboard berlampu, webcam, versi HDMI, bahan bodi, jumlah slot M.2 yang kosong. Wi-Fi dan Bluetooth hanya ada di halaman Poin Xtra (varian Windows 10); bobot 1,4 kg dari halaman toko, bukan dari Axioo. | G6: Di situs Axioo, laptop dengan spesifikasi sama tertulis Hype 1 Intel dan tidak ada di daftar produk saat ini. Halaman Poin Xtra untuk Hype 10 memakai kalimat spesifikasi layar yang sama dengan situs Axioo, jadi keduanya kemungkinan besar produk yang sama (belum dikonfirmasi Axioo). RAM: 1 slot SODIMM, maksimal 8 GB. Penyimpanan: 2 slot M.2 2280 SATA. Kedua USB-C hanya untuk data. Ada versi Windows 10 dan Windows 11. Di Tokopedia, 5 dari 10 listing berharga Rp8-14,1 juta (tidak dipakai).
A7: =IF(Model!C8="","",Model!B8&" "&Model!C8) -> Lenovo ThinkPad T480 | B7: =IF(Model!D8="","",Model!D8) -> Bekas 1 | D7: Lenovo menulis rentang (bobot, baterai, layar) tanpa menyebut konfigurasi bekas. Manual servis (HMM) terlalu besar untuk dibuka. Banyak listing mencampur beberapa seri (T460, T470, T480). | E7: Lenovo PSREF T480 (spesifikasi resmi). Windows Central (ulasan). ITmedia (pengumuman CES 2018). Intel ARK (i5-8350U). Tokopedia (harga bekas). | F7: Kode varian, tipe SSD (NVMe atau SATA), jenis dan resolusi layar, layar sentuh, baterai, charger, sidik jari, keyboard berlampu, sistem operasi, lama garansi toko. | G7: Menurut Lenovo, penyimpanan utama memakai satu slot HDD 2,5 inci atau satu slot M.2 2280. RAM 2 slot, maksimal 32 GB. Windows Central: baterai luar bisa diganti saat laptop menyala. Status bekas_saja adalah dugaan (yang ditemukan hanya listing bekas). Harga i5-8350U 8/256: Rp3,15-4,16 juta (median Rp3,5 juta).
A8: =IF(Model!C9="","",Model!B9&" "&Model!C9) -> Dell Latitude 5400 | B8: =IF(Model!D9="","",Model!D9) -> Bekas 2 | D8: Panduan spesifikasi Dell ada dalam banyak salinan dengan tanggal berbeda. Halaman listing perorangan di Tokopedia tidak bisa dibuka (butuh JavaScript), jadi harga diambil dari halaman hasil pencarian. | E8: Dell (panduan spesifikasi, manual servis, panduan visual port). LaptopMedia (ulasan 6 Agustus 2019). Intel ARK (i5-8265U, i5-8365U). Tokopedia (harga bekas). | F8: Kode varian, tipe SSD (NVMe atau SATA), jenis dan resolusi layar, layar sentuh, baterai, charger, Wi-Fi, sidik jari, keyboard berlampu, webcam, sistem operasi, lama garansi toko, isi daya lewat USB-C. | G8: Dua slot RAM (maksimal 32 GB), satu slot M.2. Pada unit baterai 4-sel (68 Wh), ruang hard disk 2,5 inci tidak bisa dipakai (catatan manual servis Dell). Bodi serat karbon. Tahun 2019 dari tanggal ulasan LaptopMedia. Harga i5-8265U 8/256: Rp3,0-3,1 juta; i5-8365U 8/256: Rp3,5-4,2 juta.
A10: Ringkasan waktu
A11: Jumlah laptop yang sudah dicatat waktunya | B11: =COUNT(C4:C8) -> 0
A12: Rata-rata menit per laptop | B12: =IFERROR(AVERAGE(C4:C8),"")
A13: Target jumlah model (batas bawah) | B13: 40
A14: Target jumlah model (batas atas) | B14: 60
A15: Perkiraan total jam (batas bawah) | B15: =IFERROR(B12*B13/60,"")
A16: Perkiraan total jam (batas atas) | B16: =IFERROR(B12*B14/60,"")
A18: Tingkat 1-5 untuk CPU dan GPU di tab CPU dan GPU adalah usulan awal dari saya, bukan skor resmi. Tinjau alasannya sebelum dipakai untuk aturan penilaian.

Sheet Aturan
A1: Aturan penilaian: usulan awal (Draf 2)
A2: Ubah angka di kolom kuning untuk mencoba aturan lain; tab Perhitungan dan Hasil ikut berubah. Semua angka di sini adalah penilaian awal kita dan belum diuji ke pengguna.
A4: 1. Cara membaca hasil
A5: Status tiap kriteria | B5: Artinya
A6: Nyaman | B6: Nilai sudah mencapai batas nyaman.
A7: Cukup | B7: Nilai sudah mencapai batas minimal, tetapi belum mencapai batas nyaman.
A8: Kurang | B8: Nilai masih di bawah batas minimal.
A9: Belum ada data | B9: Nilainya masih kosong atau unknown di tab Varian, jadi belum bisa dinilai. Data yang kosong tidak dianggap bagus dan tidak dianggap jelek.
A10: Tidak dinilai | B10: Batas minimal dan batas nyaman sama-sama dikosongkan, jadi kriteria ini tidak dipakai untuk kebutuhan tersebut.
A12: Hasil akhir | B12: Syaratnya (dari atas ke bawah)
A13: Kurang cocok | B13: Ada satu kriteria atau lebih yang berstatus Kurang.
A14: Data belum lengkap | B14: Tidak ada yang Kurang, tetapi ada kriteria yang berstatus Belum ada data. Hasil ditahan sampai datanya lengkap.
A15: Bisa, dengan catatan | B15: Tidak ada yang Kurang dan data lengkap, tetapi ada kriteria yang baru Cukup. Alasannya ditulis di tab Hasil.
A16: Cocok | B16: Semua kriteria yang dinilai berstatus Nyaman.
A17: Tidak dinilai | B17: Semua batas untuk kebutuhan itu dikosongkan, jadi tidak ada yang bisa dinilai (dicek paling awal).
A19: 2. Kebutuhan yang dinilai (nama boleh diubah; tab lain ikut berubah)
A20: Kebutuhan | B20: Contoh pemakaian
A21: Kuliah dan kantor | B21: Mengetik tugas dan laporan, Word, Excel, dan PowerPoint, membuka banyak tab browser, rapat lewat Zoom atau Meet, menonton video kuliah.
A22: Desain grafis | B22: Photoshop, Illustrator, Figma, atau Canva; edit foto, desain poster, dan edit video ringan.
A23: Pemrograman | B23: Menulis kode di VS Code atau IDE lain, menjalankan server lokal, Docker atau mesin virtual, Android Studio, dan membuka banyak halaman dokumentasi.
A24: Game ringan | B24: Game yang tidak terlalu menuntut, seperti Minecraft, Valorant, atau Dota 2 pada pengaturan grafis rendah sampai sedang.
A25: Game berat | B25: Game 3D baru yang menuntut (sering disebut AAA) pada pengaturan sedang sampai tinggi.
A27: 3. Batas penilaian per kebutuhan
A28: Batas minimal: di bawah angka ini berstatus Kurang. Batas nyaman: dari angka ini berstatus Nyaman. Kosongkan kedua batas bila kriteria itu tidak dinilai untuk kebutuhan tersebut.
A29: Kebutuhan | B29: Kriteria | C29: Batas minimal | D29: Batas nyaman | E29: Satuan | F29: Alasan (bahasa awam) | G29: Dasar angka
A30: =$A$21 -> Kuliah dan kantor | B30: Prosesor (tingkat 1-5) | C30: 1 | D30: 2 | E30: tingkat | F30: Dokumen dan internet berjalan di prosesor dasar, tetapi terasa lambat bila banyak tab dan aplikasi dibuka bersamaan. Tingkat 2 sudah cukup lancar untuk kuliah dan kantor. | G30: Penilaian awal
A31: =$A$21 -> Kuliah dan kantor | B31: Kartu grafis (tingkat 1-5) | E31: tingkat | F31: Tidak dinilai: grafis bawaan apa pun cukup untuk dokumen, internet, dan video. | G31: -
A32: =$A$21 -> Kuliah dan kantor | B32: RAM | C32: 4 | D32: 8 | E32: GB | F32: 4 GB adalah syarat minimum Windows 11, tetapi cepat penuh bila banyak tab terbuka. 8 GB terasa lega untuk kuliah dan kantor. | G32: Batas minimal: syarat minimum Windows 11 (Microsoft). Batas nyaman: penilaian awal.
A33: =$A$21 -> Kuliah dan kantor | B33: Penyimpanan | C33: 128 | D33: 256 | E33: GB | F33: Windows 11 meminta minimal 64 GB. 128 GB cukup untuk Windows, Office, dan tugas, tetapi cepat penuh bila banyak video. 256 GB lebih lega. | G33: Dasar: syarat Windows 11 (64 GB, Microsoft). Angka 128 dan 256: penilaian awal.
A34: =$A$21 -> Kuliah dan kantor | B34: Jenis layar (peringkat) | E34: peringkat | F34: Tidak dinilai: jenis layar tidak menentukan cocok atau tidaknya untuk dokumen. Panel TN dan resolusi rendah tetap muncul sebagai peringatan. | G34: -
A35: =$A$21 -> Kuliah dan kantor | B35: Refresh rate layar | E35: Hz | F35: Tidak dinilai: refresh rate hanya penting untuk game. | G35: -
A36: =$A$22 -> Desain grafis | B36: Prosesor (tingkat 1-5) | C36: 2 | D36: 3 | E36: tingkat | F36: Aplikasi desain terasa lancar mulai tingkat 3. Tingkat 2 masih bisa untuk berkas kecil, tetapi lambat saat berkas besar atau banyak lapisan (layer). | G36: Penilaian awal; belum dicocokkan dengan syarat sistem aplikasinya
A37: =$A$22 -> Desain grafis | B37: Kartu grafis (tingkat 1-5) | C37: 1 | D37: 2 | E37: tingkat | F37: Grafis bawaan generasi baru (tingkat 2) membantu mempercepat tampilan dan filter. Grafis paling dasar (tingkat 1) tetap bisa dipakai, tetapi lebih lambat. | G37: Penilaian awal; belum dicocokkan dengan syarat sistem aplikasinya
A38: =$A$22 -> Desain grafis | B38: RAM | C38: 8 | D38: 16 | E38: GB | F38: Aplikasi desain memakai banyak RAM, apalagi untuk berkas besar. 8 GB cukup untuk belajar dan berkas kecil; 16 GB lebih nyaman. | G38: Penilaian awal; belum dicocokkan dengan syarat sistem aplikasinya
A39: =$A$22 -> Desain grafis | B39: Penyimpanan | C39: 256 | D39: 512 | E39: GB | F39: Berkas desain, foto, dan video cepat memenuhi penyimpanan. 512 GB lebih lega. | G39: Penilaian awal
A40: =$A$22 -> Desain grafis | B40: Jenis layar (peringkat) | C40: 3 | D40: 4 | E40: peringkat | F40: Jenis layar dipakai sebagai perkiraan kasar mutu warna, karena cakupan warna (sRGB atau DCI-P3) belum dicatat. TN dan VA umumnya kalah dalam ketepatan warna, IPS cukup, OLED umumnya mencakup warna lebih luas. Nanti diganti dengan data cakupan warna. | G40: Penilaian awal
A41: =$A$22 -> Desain grafis | B41: Refresh rate layar | E41: Hz | F41: Tidak dinilai: refresh rate tidak menentukan untuk desain. | G41: -
A42: =$A$23 -> Pemrograman | B42: Prosesor (tingkat 1-5) | C42: 2 | D42: 3 | E42: tingkat | F42: Kompilasi dan alat pengembang lebih cepat di tingkat 3. Tingkat 2 masih bisa untuk proyek kuliah, tetapi lebih lama saat proyek besar. | G42: Penilaian awal; belum dicocokkan dengan syarat sistem aplikasinya
A43: =$A$23 -> Pemrograman | B43: Kartu grafis (tingkat 1-5) | E43: tingkat | F43: Tidak dinilai: pemrograman umum tidak bergantung pada kartu grafis. Pekerjaan khusus seperti pembelajaran mesin (machine learning) yang butuh GPU belum dinilai. | G43: -
A44: =$A$23 -> Pemrograman | B44: RAM | C44: 8 | D44: 16 | E44: GB | F44: Editor kode, browser, dan server lokal masih muat di 8 GB. Docker, mesin virtual, atau Android Studio terasa lebih lega di 16 GB. | G44: Penilaian awal; belum dicocokkan dengan syarat sistem aplikasinya
A45: =$A$23 -> Pemrograman | B45: Penyimpanan | C45: 256 | D45: 512 | E45: GB | F45: Alat pengembang, repositori, dan image Docker cepat memakan ruang. 512 GB lebih lega. | G45: Penilaian awal
A46: =$A$23 -> Pemrograman | B46: Jenis layar (peringkat) | E46: peringkat | F46: Tidak dinilai: jenis layar tidak menentukan untuk pemrograman. | G46: -
A47: =$A$23 -> Pemrograman | B47: Refresh rate layar | E47: Hz | F47: Tidak dinilai: refresh rate tidak menentukan untuk pemrograman. | G47: -
A48: =$A$24 -> Game ringan | B48: Prosesor (tingkat 1-5) | C48: 2 | D48: 3 | E48: tingkat | F48: Game, bahkan yang ringan, butuh prosesor lebih kuat daripada untuk dokumen. Prosesor tingkat 1 (dua inti, sangat hemat daya) cenderung tersendat. | G48: Penilaian awal
A49: =$A$24 -> Game ringan | B49: Kartu grafis (tingkat 1-5) | C49: 1 | D49: 2 | E49: tingkat | F49: Syarat minimum Valorant memakai grafis setara Intel HD 3000, jadi grafis bawaan paling dasar masih bisa untuk game sangat ringan di pengaturan rendah. Grafis bawaan generasi baru (tingkat 2) memberi ruang lebih. | G49: Batas minimal: persyaratan Valorant yang dikutip Shacknews (2020); cek ulang di situs Riot. Batas nyaman: penilaian awal.
A50: =$A$24 -> Game ringan | B50: RAM | C50: 4 | D50: 8 | E50: GB | F50: Valorant meminta 4 GB. Karena Windows dan browser juga memakai RAM, 8 GB lebih nyaman. | G50: Batas minimal: persyaratan Valorant yang dikutip Shacknews (2020); cek ulang di situs Riot. Batas nyaman: penilaian awal.
A51: =$A$24 -> Game ringan | B51: Penyimpanan | C51: 128 | D51: 256 | E51: GB | F51: Game ringan tidak besar, tetapi beberapa judul cepat memenuhi 128 GB bersama Windows dan aplikasi lain. | G51: Penilaian awal
A52: =$A$24 -> Game ringan | B52: Jenis layar (peringkat) | E52: peringkat | F52: Tidak dinilai: jenis layar tidak menentukan untuk game ringan. | G52: -
A53: =$A$24 -> Game ringan | B53: Refresh rate layar | E53: Hz | F53: Tidak dinilai: refresh rate tidak menentukan untuk game ringan. | G53: -
A54: =$A$25 -> Game berat | B54: Prosesor (tingkat 1-5) | C54: 3 | D54: 4 | E54: tingkat | F54: Game baru menuntut prosesor yang kuat. Tingkat 3 cukup menemani kartu grafis kelas pemula; tingkat 4 (kelas performa) memberi ruang lebih. | G54: Penilaian awal
A55: =$A$25 -> Game berat | B55: Kartu grafis (tingkat 1-5) | C55: 3 | D55: 4 | E55: tingkat | F55: Game baru butuh kartu grafis terpisah. Tingkat 3 cukup untuk pengaturan sedang; tingkat 4 untuk pengaturan tinggi. | G55: Penilaian awal
A56: =$A$25 -> Game berat | B56: RAM | C56: 8 | D56: 16 | E56: GB | F56: Contoh: Baldur's Gate 3 meminta minimal 8 GB dan menyarankan 16 GB. | G56: Persyaratan Baldur's Gate 3 (Trusted Reviews).
A57: =$A$25 -> Game berat | B57: Penyimpanan | C57: 512 | D57: 1000 | E57: GB | F57: Satu game baru bisa memakan puluhan sampai ratusan GB (Baldur's Gate 3 meminta 150 GB). 512 GB cepat penuh; 1000 GB (1 TB) lebih lega. | G57: Contoh Baldur's Gate 3 (Trusted Reviews). Angka 512 dan 1000: penilaian awal.
A58: =$A$25 -> Game berat | B58: Jenis layar (peringkat) | E58: peringkat | F58: Tidak dinilai: jenis layar tidak menentukan untuk game berat. | G58: -
A59: =$A$25 -> Game berat | B59: Refresh rate layar | C59: 60 | D59: 120 | E59: Hz | F59: Layar 60 Hz cukup untuk bermain; 120 Hz atau lebih membuat gerakan terasa lebih halus. | G59: Penilaian awal
A61: 4. Peringkat jenis layar
A62: Jenis panel | B62: Peringkat | C62: Catatan
A63: TN | B63: 1 | C63: Murah; warna cenderung pucat dan sudut pandang sempit.
A64: VA | B64: 2 | C64: Kontras bagus, tetapi warna dan kecerahan bergeser bila dilihat dari samping.
A65: IPS | B65: 3 | C65: Warna dan sudut pandang baik; mutunya tetap berbeda-beda antarlaptop.
A66: OLED | B66: 4 | C66: Warna pekat dan kontras tinggi; umumnya mencakup warna lebih luas.
A67: Peringkat ini kasar. Cakupan warna (sRGB atau DCI-P3) belum dicatat; nanti peringkat diganti dengan data itu. Jenis panel yang tidak ada di daftar ini (misalnya unknown) dianggap Belum ada data.
A69: 5. Peringatan umum (tidak mengubah hasil kecocokan)
A70: Kode | B70: Muncul bila | E70: Teks peringatan
A71: P1 | B71: Sistem operasi bawaan Windows 10. | E71: Memakai Windows 10: dukungan resmi Microsoft sudah berakhir pada 14 Oktober 2025. Siapkan naik ke Windows 11.
A72: P2 | B72: Prosesor tidak resmi mendukung Windows 11 (kolom Windows 11 resmi? di tab Varian bernilai tidak). | E72: Prosesor tidak resmi mendukung Windows 11, sehingga sulit naik ke versi Windows yang lebih baru.
A73: P3 | B73: Info upgrade belum terverifikasi atau tidak diketahui. | E73: Info RAM dan penyimpanan (bisa diganti atau tidak) belum terverifikasi. Periksa lagi sebelum membeli.
A74: P4 | B74: Resolusi layar 1366x768. | E74: Layar beresolusi rendah (1366x768): ruang kerja sempit dan tulisan kurang tajam.
A75: P5 | B75: Jenis panel layar TN. | E75: Panel TN: warna cenderung pucat dan sudut pandang sempit.
A76: P6 | B76: RAM menempel (disolder) dan ukurannya 8 GB atau kurang. | E76: RAM menempel di papan utama dan tidak bisa ditambah, padahal ukurannya kecil (8 GB atau kurang).
A77: Teks boleh diubah. Syarat munculnya tertulis di rumus tab Perhitungan (kolom Peringatan), jadi mengubah syarat berarti mengubah rumus.
A79: 6. Arti tingkat 1-5 untuk prosesor dan kartu grafis
A80: Tingkat | B80: Prosesor (CPU) | F80: Kartu grafis (GPU)
A81: 1 | B81: Dokumen dan internet ringan. Terasa lambat bila banyak tab atau aplikasi dibuka. | F81: Tampilan, dokumen, dan video biasa (grafis bawaan paling dasar).
A82: 2 | B82: Kuliah dan kantor cukup lancar (contoh: Core i5 generasi ke-8, empat inti). | F82: Video, desain ringan, dan game ringan (grafis bawaan generasi baru).
A83: 3 | B83: Kuliah, kantor, dan banyak aplikasi sekaligus dengan lega; pemrograman umum dan edit ringan. | F83: Game populer pada pengaturan sedang (kartu grafis terpisah kelas pemula).
A84: 4 | B84: Kerja berat sesekali: kompilasi besar, edit video menengah (umumnya prosesor kelas performa). | F84: Game baru pada pengaturan tinggi (kartu grafis terpisah kelas menengah).
A85: 5 | B85: Kerja berat terus-menerus: render, simulasi, game kelas atas. | F85: Game dan render berat (kartu grafis terpisah kelas atas).
A86: Tingkat tiap prosesor dan kartu grafis diisi di tab CPU dan GPU. Itu penilaian kita sendiri, bukan skor resmi.
A88: 7. Yang belum dinilai
A89: Hal | B89: Keterangan
A90: Mutu warna layar | B90: Cakupan sRGB dan DCI-P3 belum dicatat di tab Varian. Sementara ini dipakai jenis panel sebagai perkiraan kasar.
A91: Resolusi, kecerahan, dan ukuran layar | B91: Belum ada aturan. Resolusi rendah (1366x768) baru muncul sebagai peringatan.
A92: Bobot, baterai, dan kualitas keyboard | B92: Datanya sebagian ada di tab Varian, tetapi belum ada aturan per kebutuhan.
A93: Harga dan nilai uang | B93: Harga bertanggal ada di tab Harga, tetapi aturan wajar atau mahal belum disusun.
A94: Kondisi laptop bekas | B94: Baterai, engsel, dan bodi laptop bekas butuh panduan tersendiri (rencana tahap panduan bekas).
A95: Kebutuhan khusus | B95: Pembelajaran mesin yang butuh GPU NVIDIA, simulasi teknik, dan edit video 4K belum dibuat sebagai kebutuhan sendiri.

Sheet Perhitungan
A1: Perhitungan: satu baris untuk satu pasangan varian dan kebutuhan
A2: Semuanya rumus dari tab Varian, CPU, GPU, dan Aturan, jadi tidak ada yang diketik di sini. Dipakai untuk menelusuri bagaimana tiap hasil didapat. Tiap varian memakai lima baris berurutan (satu per kebutuhan).
A3: Pasangan yang dihitung | C3: Nilai dari tab Varian | I3: Info upgrade | K3: Status tiap kriteria | Q3: Hasil | R3: Kalimat alasan per kriteria | X3: Alasan | AA3: Peringatan umum (baris pertama tiap varian)
A4: Varian id_varian | B4: Kebutuhan kebutuhan | C4: Prosesor · tingkat cpu_tier | D4: Grafis · tingkat gpu_tier | E4: RAM (GB) ram_gb | F4: Penyimpanan (GB) st_gb | G4: Layar · peringkat layar_rank | H4: Refresh (Hz) refresh_hz | I4: Catatan upgrade RAM catatan_ram | J4: Catatan upgrade penyimpanan catatan_st | K4: Status · prosesor status_cpu | L4: Status · grafis status_gpu | M4: Status · RAM status_ram | N4: Status · penyimpanan status_st | O4: Status · layar status_layar | P4: Status · refresh status_refresh | Q4: Hasil hasil | R4: Kalimat · prosesor kal_cpu | S4: Kalimat · grafis kal_gpu | T4: Kalimat · RAM kal_ram | U4: Kalimat · penyimpanan kal_st | V4: Kalimat · layar kal_layar | W4: Kalimat · refresh kal_refresh | X4: Daftar masalah (mentah) masalah | Y4: Daftar yang nyaman (mentah) nyaman | Z4: Alasan alasan | AA4: Peringatan (mentah) peringatan_mentah | AB4: Peringatan peringatan | AC4: Jumlah peringatan peringatan_jml
A5: =IF(Varian!$A5="","",Varian!$A5) -> asus-m1405ya-r5-7430u-16-512 | B5: =IF($A5="","",Aturan!$A$21) -> Kuliah dan kantor | C5: =IF($A5="","",IFERROR(IF(ISNUMBER(INDEX(CPU!$J$4:$J$64,MATCH(Varian!$J5,CPU!$A$4:$A$64,0))),INDEX(CPU!$J$4:$J$64,MATCH(Varian!$J5,CPU!$A$4:$A$64,0)),""),"")) -> 3 | D5: =IF($A5="","",IFERROR(IF(ISNUMBER(INDEX(GPU!$G$4:$G$64,MATCH(Varian!$K5,GPU!$A$4:$A$64,0))),INDEX(GPU!$G$4:$G$64,MATCH(Varian!$K5,GPU!$A$4:$A$64,0)),""),"")) -> 2 | E5: =IF($A5="","",IF(ISNUMBER(Varian!$M5),Varian!$M5,"")) -> 16 | F5: =IF($A5="","",IF(ISNUMBER(Varian!$V5),Varian!$V5,"")) -> 512 | G5: =IF($A5="","",IFERROR(INDEX(Aturan!$B$63:$B$66,MATCH(Varian!$AG5,Aturan!$A$63:$A$66,0)),"")) -> 3 | H5: =IF($A5="","",IF(ISNUMBER(Varian!$AI5),Varian!$AI5,"")) -> 60 | I5: =IF($A5="","",IF(Varian!$Q5="disolder","menempel di papan utama, tidak bisa ditambah",IF(OR(Varian!$Q5="slot",Varian!$Q5="setengah_disolder"),IF(Varian!$Q5="setengah_disolder","sebagian menempel, ","")&IF(ISNUMBER(Varian!$U5),IF(AND(ISNUMBER(Varian!$M5),Varian!$U5>Varian!$M5),"bisa dinaikkan lewat slot sampai "&Varian!$U5&" GB","sudah di batas maksimal "&Varian!$U5&" GB"),"ada slot, batas maksimalnya belum diketahui"),"belum diketahui apakah bisa ditambah"))) -> sebagian menempel, sudah di batas maksimal 16 GB | J5: =IF($A5="","",IF(Varian!$Z5="ya","bisa diganti dengan yang lebih besar",IF(Varian!$Z5="tidak","menempel, tidak bisa diganti","belum diketahui apakah bisa diganti"))) -> bisa diganti dengan yang lebih besar | K5: =IF($A5="","",IF(AND(Aturan!$C$30="",Aturan!$D$30=""),"Tidak dinilai",IF(C5="","Belum ada data",IF(C5<IF(Aturan!$C$30="",0,Aturan!$C$30),"Kurang",IF(C5>=IF(Aturan!$D$30="",Aturan!$C$30,Aturan!$D$30),"Nyaman","Cukup"))))) -> Nyaman | L5: =IF($A5="","",IF(AND(Aturan!$C$31="",Aturan!$D$31=""),"Tidak dinilai",IF(D5="","Belum ada data",IF(D5<IF(Aturan!$C$31="",0,Aturan!$C$31),"Kurang",IF(D5>=IF(Aturan!$D$31="",Aturan!$C$31,Aturan!$D$31),"Nyaman","Cukup"))))) -> Tidak dinilai | M5: =IF($A5="","",IF(AND(Aturan!$C$32="",Aturan!$D$32=""),"Tidak dinilai",IF(E5="","Belum ada data",IF(E5<IF(Aturan!$C$32="",0,Aturan!$C$32),"Kurang",IF(E5>=IF(Aturan!$D$32="",Aturan!$C$32,Aturan!$D$32),"Nyaman","Cukup"))))) -> Nyaman | N5: =IF($A5="","",IF(AND(Aturan!$C$33="",Aturan!$D$33=""),"Tidak dinilai",IF(F5="","Belum ada data",IF(F5<IF(Aturan!$C$33="",0,Aturan!$C$33),"Kurang",IF(F5>=IF(Aturan!$D$33="",Aturan!$C$33,Aturan!$D$33),"Nyaman","Cukup"))))) -> Nyaman | O5: =IF($A5="","",IF(AND(Aturan!$C$34="",Aturan!$D$34=""),"Tidak dinilai",IF(G5="","Belum ada data",IF(G5<IF(Aturan!$C$34="",0,Aturan!$C$34),"Kurang",IF(G5>=IF(Aturan!$D$34="",Aturan!$C$34,Aturan!$D$34),"Nyaman","Cukup"))))) -> Tidak dinilai | P5: =IF($A5="","",IF(AND(Aturan!$C$35="",Aturan!$D$35=""),"Tidak dinilai",IF(H5="","Belum ada data",IF(H5<IF(Aturan!$C$35="",0,Aturan!$C$35),"Kurang",IF(H5>=IF(Aturan!$D$35="",Aturan!$C$35,Aturan!$D$35),"Nyaman","Cukup"))))) -> Tidak dinilai | Q5: =IF($A5="","",IF(COUNTIF(K5:P5,"Tidak dinilai")=6,"Tidak dinilai",IF(COUNTIF(K5:P5,"Kurang")>0,"Kurang cocok",IF(COUNTIF(K5:P5,"Belum ada data")>0,"Data belum lengkap",IF(COUNTIF(K5:P5,"Cukup")>0,"Bisa, dengan catatan","Cocok"))))) -> Cocok | R5: =IF($A5="","",IF(K5="Kurang","prosesor tingkat "&C5&" dari 5, di bawah batas minimal (tingkat "&Aturan!$C$30&")",IF(K5="Cukup","prosesor tingkat "&C5&" dari 5 cukup, nyamannya mulai tingkat "&Aturan!$D$30,IF(K5="Belum ada data","tingkat prosesor belum diisi","")))) | S5: =IF($A5="","",IF(L5="Kurang","grafis tingkat "&D5&" dari 5, di bawah batas minimal (tingkat "&Aturan!$C$31&")",IF(L5="Cukup","grafis tingkat "&D5&" dari 5 cukup, nyamannya mulai tingkat "&Aturan!$D$31,IF(L5="Belum ada data","tingkat grafis belum diisi","")))) | T5: =IF($A5="","",IF(M5="Kurang","RAM "&E5&" GB, di bawah batas minimal "&Aturan!$C$32&" GB ("&I5&")",IF(M5="Cukup","RAM "&E5&" GB cukup, nyamannya "&Aturan!$D$32&" GB atau lebih ("&I5&")",IF(M5="Belum ada data","ukuran RAM belum diisi","")))) | U5: =IF($A5="","",IF(N5="Kurang","penyimpanan "&F5&" GB, di bawah batas minimal "&Aturan!$C$33&" GB ("&J5&")",IF(N5="Cukup","penyimpanan "&F5&" GB cukup, nyamannya "&Aturan!$D$33&" GB atau lebih ("&J5&")",IF(N5="Belum ada data","ukuran penyimpanan belum diisi","")))) | V5: =IF($A5="","",IF(O5="Kurang","layar "&Varian!$AG5&", di bawah batas minimal ("&IFERROR(INDEX(Aturan!$A$63:$A$66,MATCH(Aturan!$C$34,Aturan!$B$63:$B$66,0)),"peringkat "&Aturan!$C$34)&")",IF(O5="Cukup","layar "&Varian!$AG5&" cukup, nyamannya "&IFERROR(INDEX(Aturan!$A$63:$A$66,MATCH(Aturan!$D$34,Aturan!$B$63:$B$66,0)),"peringkat "&Aturan!$D$34),IF(O5="Belum ada data","jenis layar belum diketahui","")))) | W5: =IF($A5="","",IF(P5="Kurang","layar "&H5&" Hz, di bawah batas minimal "&Aturan!$C$35&" Hz",IF(P5="Cukup","layar "&H5&" Hz cukup, nyamannya "&Aturan!$D$35&" Hz atau lebih",IF(P5="Belum ada data","refresh rate belum diketahui","")))) | X5: =IF($A5="","",IF(K5="Kurang",R5&"; ","")&IF(L5="Kurang",S5&"; ","")&IF(M5="Kurang",T5&"; ","")&IF(N5="Kurang",U5&"; ","")&IF(O5="Kurang",V5&"; ","")&IF(P5="Kurang",W5&"; ","")&IF(K5="Belum ada data",R5&"; ","")&IF(L5="Belum ada data",S5&"; ","")&IF(M5="Belum ada data",T5&"; ","")&IF(N5="Belum ada data",U5&"; ","")&IF(O5="Belum ada data",V5&"; ","")&IF(P5="Belum ada data",W5&"; ","")&IF(K5="Cukup",R5&"; ","")&IF(L5="Cukup",S5&"; ","")&IF(M5="Cukup",T5&"; ","")&IF(N5="Cukup",U5&"; ","")&IF(O5="Cukup",V5&"; ","")&IF(P5="Cukup",W5&"; ","")) | Y5: =IF($A5="","",IF(K5="Nyaman","prosesor, ","")&IF(L5="Nyaman","grafis, ","")&IF(M5="Nyaman","RAM, ","")&IF(N5="Nyaman","penyimpanan, ","")&IF(O5="Nyaman","layar, ","")&IF(P5="Nyaman","refresh rate, ","")) -> prosesor, RAM, penyimpanan, | Z5: =IF($A5="","",IF(Q5="Tidak dinilai","Belum ada kriteria yang dinilai untuk kebutuhan ini.",IF(Q5="Cocok","Semua kriteria yang dinilai sudah nyaman: "&LEFT(Y5,LEN(Y5)-2)&".",UPPER(LEFT(X5,1))&MID(X5,2,LEN(X5)-3)&"."&IF(Y5="",""," Sudah nyaman: "&LEFT(Y5,LEN(Y5)-2)&".")))) -> Semua kriteria yang dinilai sudah nyaman: prosesor, RAM, penyimpanan. | AA5: =IF($A5="","",IF(Varian!$AR5="Windows 10","• "&Aturan!$E$71&CHAR(10),"")&IF(Varian!$BB5="tidak","• "&Aturan!$E$72&CHAR(10),"")&IF(OR(Varian!$AD5="belum terverifikasi",Varian!$AD5="tidak diketahui"),"• "&Aturan!$E$73&CHAR(10),"")&IF(Varian!$AH5="1366x768","• "&Aturan!$E$74&CHAR(10),"")&IF(Varian!$AG5="TN","• "&Aturan!$E$75&CHAR(10),"")&IF(AND(Varian!$Q5="disolder",ISNUMBER(Varian!$M5),Varian!$M5<=8),"• "&Aturan!$E$76&CHAR(10),"")) | AB5: =IF($A5="","",IF(AA5="","",LEFT(AA5,LEN(AA5)-1))) | AC5: =IF($A5="","",IF(AA5="",0,LEN(AA5)-LEN(SUBSTITUTE(AA5,CHAR(10),"")))) -> 0
A6: =IF(Varian!$A5="","",Varian!$A5) -> asus-m1405ya-r5-7430u-16-512 | B6: =IF($A6="","",Aturan!$A$22) -> Desain grafis | C6: =IF($A6="","",IFERROR(IF(ISNUMBER(INDEX(CPU!$J$4:$J$64,MATCH(Varian!$J5,CPU!$A$4:$A$64,0))),INDEX(CPU!$J$4:$J$64,MATCH(Varian!$J5,CPU!$A$4:$A$64,0)),""),"")) -> 3 | D6: =IF($A6="","",IFERROR(IF(ISNUMBER(INDEX(GPU!$G$4:$G$64,MATCH(Varian!$K5,GPU!$A$4:$A$64,0))),INDEX(GPU!$G$4:$G$64,MATCH(Varian!$K5,GPU!$A$4:$A$64,0)),""),"")) -> 2 | E6: =IF($A6="","",IF(ISNUMBER(Varian!$M5),Varian!$M5,"")) -> 16 | F6: =IF($A6="","",IF(ISNUMBER(Varian!$V5),Varian!$V5,"")) -> 512 | G6: =IF($A6="","",IFERROR(INDEX(Aturan!$B$63:$B$66,MATCH(Varian!$AG5,Aturan!$A$63:$A$66,0)),"")) -> 3 | H6: =IF($A6="","",IF(ISNUMBER(Varian!$AI5),Varian!$AI5,"")) -> 60 | I6: =IF($A6="","",IF(Varian!$Q5="disolder","menempel di papan utama, tidak bisa ditambah",IF(OR(Varian!$Q5="slot",Varian!$Q5="setengah_disolder"),IF(Varian!$Q5="setengah_disolder","sebagian menempel, ","")&IF(ISNUMBER(Varian!$U5),IF(AND(ISNUMBER(Varian!$M5),Varian!$U5>Varian!$M5),"bisa dinaikkan lewat slot sampai "&Varian!$U5&" GB","sudah di batas maksimal "&Varian!$U5&" GB"),"ada slot, batas maksimalnya belum diketahui"),"belum diketahui apakah bisa ditambah"))) -> sebagian menempel, sudah di batas maksimal 16 GB | J6: =IF($A6="","",IF(Varian!$Z5="ya","bisa diganti dengan yang lebih besar",IF(Varian!$Z5="tidak","menempel, tidak bisa diganti","belum diketahui apakah bisa diganti"))) -> bisa diganti dengan yang lebih besar | K6: =IF($A6="","",IF(AND(Aturan!$C$36="",Aturan!$D$36=""),"Tidak dinilai",IF(C6="","Belum ada data",IF(C6<IF(Aturan!$C$36="",0,Aturan!$C$36),"Kurang",IF(C6>=IF(Aturan!$D$36="",Aturan!$C$36,Aturan!$D$36),"Nyaman","Cukup"))))) -> Nyaman | L6: =IF($A6="","",IF(AND(Aturan!$C$37="",Aturan!$D$37=""),"Tidak dinilai",IF(D6="","Belum ada data",IF(D6<IF(Aturan!$C$37="",0,Aturan!$C$37),"Kurang",IF(D6>=IF(Aturan!$D$37="",Aturan!$C$37,Aturan!$D$37),"Nyaman","Cukup"))))) -> Nyaman | M6: =IF($A6="","",IF(AND(Aturan!$C$38="",Aturan!$D$38=""),"Tidak dinilai",IF(E6="","Belum ada data",IF(E6<IF(Aturan!$C$38="",0,Aturan!$C$38),"Kurang",IF(E6>=IF(Aturan!$D$38="",Aturan!$C$38,Aturan!$D$38),"Nyaman","Cukup"))))) -> Nyaman | N6: =IF($A6="","",IF(AND(Aturan!$C$39="",Aturan!$D$39=""),"Tidak dinilai",IF(F6="","Belum ada data",IF(F6<IF(Aturan!$C$39="",0,Aturan!$C$39),"Kurang",IF(F6>=IF(Aturan!$D$39="",Aturan!$C$39,Aturan!$D$39),"Nyaman","Cukup"))))) -> Nyaman | O6: =IF($A6="","",IF(AND(Aturan!$C$40="",Aturan!$D$40=""),"Tidak dinilai",IF(G6="","Belum ada data",IF(G6<IF(Aturan!$C$40="",0,Aturan!$C$40),"Kurang",IF(G6>=IF(Aturan!$D$40="",Aturan!$C$40,Aturan!$D$40),"Nyaman","Cukup"))))) -> Cukup | P6: =IF($A6="","",IF(AND(Aturan!$C$41="",Aturan!$D$41=""),"Tidak dinilai",IF(H6="","Belum ada data",IF(H6<IF(Aturan!$C$41="",0,Aturan!$C$41),"Kurang",IF(H6>=IF(Aturan!$D$41="",Aturan!$C$41,Aturan!$D$41),"Nyaman","Cukup"))))) -> Tidak dinilai | Q6: =IF($A6="","",IF(COUNTIF(K6:P6,"Tidak dinilai")=6,"Tidak dinilai",IF(COUNTIF(K6:P6,"Kurang")>0,"Kurang cocok",IF(COUNTIF(K6:P6,"Belum ada data")>0,"Data belum lengkap",IF(COUNTIF(K6:P6,"Cukup")>0,"Bisa, dengan catatan","Cocok"))))) -> Bisa, dengan catatan | R6: =IF($A6="","",IF(K6="Kurang","prosesor tingkat "&C6&" dari 5, di bawah batas minimal (tingkat "&Aturan!$C$36&")",IF(K6="Cukup","prosesor tingkat "&C6&" dari 5 cukup, nyamannya mulai tingkat "&Aturan!$D$36,IF(K6="Belum ada data","tingkat prosesor belum diisi","")))) | S6: =IF($A6="","",IF(L6="Kurang","grafis tingkat "&D6&" dari 5, di bawah batas minimal (tingkat "&Aturan!$C$37&")",IF(L6="Cukup","grafis tingkat "&D6&" dari 5 cukup, nyamannya mulai tingkat "&Aturan!$D$37,IF(L6="Belum ada data","tingkat grafis belum diisi","")))) | T6: =IF($A6="","",IF(M6="Kurang","RAM "&E6&" GB, di bawah batas minimal "&Aturan!$C$38&" GB ("&I6&")",IF(M6="Cukup","RAM "&E6&" GB cukup, nyamannya "&Aturan!$D$38&" GB atau lebih ("&I6&")",IF(M6="Belum ada data","ukuran RAM belum diisi","")))) | U6: =IF($A6="","",IF(N6="Kurang","penyimpanan "&F6&" GB, di bawah batas minimal "&Aturan!$C$39&" GB ("&J6&")",IF(N6="Cukup","penyimpanan "&F6&" GB cukup, nyamannya "&Aturan!$D$39&" GB atau lebih ("&J6&")",IF(N6="Belum ada data","ukuran penyimpanan belum diisi","")))) | V6: =IF($A6="","",IF(O6="Kurang","layar "&Varian!$AG5&", di bawah batas minimal ("&IFERROR(INDEX(Aturan!$A$63:$A$66,MATCH(Aturan!$C$40,Aturan!$B$63:$B$66,0)),"peringkat "&Aturan!$C$40)&")",IF(O6="Cukup","layar "&Varian!$AG5&" cukup, nyamannya "&IFERROR(INDEX(Aturan!$A$63:$A$66,MATCH(Aturan!$D$40,Aturan!$B$63:$B$66,0)),"peringkat "&Aturan!$D$40),IF(O6="Belum ada data","jenis layar belum diketahui","")))) -> layar IPS cukup, nyamannya OLED | W6: =IF($A6="","",IF(P6="Kurang","layar "&H6&" Hz, di bawah batas minimal "&Aturan!$C$41&" Hz",IF(P6="Cukup","layar "&H6&" Hz cukup, nyamannya "&Aturan!$D$41&" Hz atau lebih",IF(P6="Belum ada data","refresh rate belum diketahui","")))) | X6: =IF($A6="","",IF(K6="Kurang",R6&"; ","")&IF(L6="Kurang",S6&"; ","")&IF(M6="Kurang",T6&"; ","")&IF(N6="Kurang",U6&"; ","")&IF(O6="Kurang",V6&"; ","")&IF(P6="Kurang",W6&"; ","")&IF(K6="Belum ada data",R6&"; ","")&IF(L6="Belum ada data",S6&"; ","")&IF(M6="Belum ada data",T6&"; ","")&IF(N6="Belum ada data",U6&"; ","")&IF(O6="Belum ada data",V6&"; ","")&IF(P6="Belum ada data",W6&"; ","")&IF(K6="Cukup",R6&"; ","")&IF(L6="Cukup",S6&"; ","")&IF(M6="Cukup",T6&"; ","")&IF(N6="Cukup",U6&"; ","")&IF(O6="Cukup",V6&"; ","")&IF(P6="Cukup",W6&"; ","")) -> layar IPS cukup, nyamannya OLED; | Y6: =IF($A6="","",IF(K6="Nyaman","prosesor, ","")&IF(L6="Nyaman","grafis, ","")&IF(M6="Nyaman","RAM, ","")&IF(N6="Nyaman","penyimpanan, ","")&IF(O6="Nyaman","layar, ","")&IF(P6="Nyaman","refresh rate, ","")) -> prosesor, grafis, RAM, penyimpanan, | Z6: =IF($A6="","",IF(Q6="Tidak dinilai","Belum ada kriteria yang dinilai untuk kebutuhan ini.",IF(Q6="Cocok","Semua kriteria yang dinilai sudah nyaman: "&LEFT(Y6,LEN(Y6)-2)&".",UPPER(LEFT(X6,1))&MID(X6,2,LEN(X6)-3)&"."&IF(Y6="",""," Sudah nyaman: "&LEFT(Y6,LEN(Y6)-2)&".")))) -> Layar IPS cukup, nyamannya OLED. Sudah nyaman: prosesor, grafis, RAM, penyimpanan.
A7: =IF(Varian!$A5="","",Varian!$A5) -> asus-m1405ya-r5-7430u-16-512 | B7: =IF($A7="","",Aturan!$A$23) -> Pemrograman | C7: =IF($A7="","",IFERROR(IF(ISNUMBER(INDEX(CPU!$J$4:$J$64,MATCH(Varian!$J5,CPU!$A$4:$A$64,0))),INDEX(CPU!$J$4:$J$64,MATCH(Varian!$J5,CPU!$A$4:$A$64,0)),""),"")) -> 3 | D7: =IF($A7="","",IFERROR(IF(ISNUMBER(INDEX(GPU!$G$4:$G$64,MATCH(Varian!$K5,GPU!$A$4:$A$64,0))),INDEX(GPU!$G$4:$G$64,MATCH(Varian!$K5,GPU!$A$4:$A$64,0)),""),"")) -> 2 | E7: =IF($A7="","",IF(ISNUMBER(Varian!$M5),Varian!$M5,"")) -> 16 | F7: =IF($A7="","",IF(ISNUMBER(Varian!$V5),Varian!$V5,"")) -> 512 | G7: =IF($A7="","",IFERROR(INDEX(Aturan!$B$63:$B$66,MATCH(Varian!$AG5,Aturan!$A$63:$A$66,0)),"")) -> 3 | H7: =IF($A7="","",IF(ISNUMBER(Varian!$AI5),Varian!$AI5,"")) -> 60 | I7: =IF($A7="","",IF(Varian!$Q5="disolder","menempel di papan utama, tidak bisa ditambah",IF(OR(Varian!$Q5="slot",Varian!$Q5="setengah_disolder"),IF(Varian!$Q5="setengah_disolder","sebagian menempel, ","")&IF(ISNUMBER(Varian!$U5),IF(AND(ISNUMBER(Varian!$M5),Varian!$U5>Varian!$M5),"bisa dinaikkan lewat slot sampai "&Varian!$U5&" GB","sudah di batas maksimal "&Varian!$U5&" GB"),"ada slot, batas maksimalnya belum diketahui"),"belum diketahui apakah bisa ditambah"))) -> sebagian menempel, sudah di batas maksimal 16 GB | J7: =IF($A7="","",IF(Varian!$Z5="ya","bisa diganti dengan yang lebih besar",IF(Varian!$Z5="tidak","menempel, tidak bisa diganti","belum diketahui apakah bisa diganti"))) -> bisa diganti dengan yang lebih besar | K7: =IF($A7="","",IF(AND(Aturan!$C$42="",Aturan!$D$42=""),"Tidak dinilai",IF(C7="","Belum ada data",IF(C7<IF(Aturan!$C$42="",0,Aturan!$C$42),"Kurang",IF(C7>=IF(Aturan!$D$42="",Aturan!$C$42,Aturan!$D$42),"Nyaman","Cukup"))))) -> Nyaman | L7: =IF($A7="","",IF(AND(Aturan!$C$43="",Aturan!$D$43=""),"Tidak dinilai",IF(D7="","Belum ada data",IF(D7<IF(Aturan!$C$43="",0,Aturan!$C$43),"Kurang",IF(D7>=IF(Aturan!$D$43="",Aturan!$C$43,Aturan!$D$43),"Nyaman","Cukup"))))) -> Tidak dinilai | M7: =IF($A7="","",IF(AND(Aturan!$C$44="",Aturan!$D$44=""),"Tidak dinilai",IF(E7="","Belum ada data",IF(E7<IF(Aturan!$C$44="",0,Aturan!$C$44),"Kurang",IF(E7>=IF(Aturan!$D$44="",Aturan!$C$44,Aturan!$D$44),"Nyaman","Cukup"))))) -> Nyaman | N7: =IF($A7="","",IF(AND(Aturan!$C$45="",Aturan!$D$45=""),"Tidak dinilai",IF(F7="","Belum ada data",IF(F7<IF(Aturan!$C$45="",0,Aturan!$C$45),"Kurang",IF(F7>=IF(Aturan!$D$45="",Aturan!$C$45,Aturan!$D$45),"Nyaman","Cukup"))))) -> Nyaman | O7: =IF($A7="","",IF(AND(Aturan!$C$46="",Aturan!$D$46=""),"Tidak dinilai",IF(G7="","Belum ada data",IF(G7<IF(Aturan!$C$46="",0,Aturan!$C$46),"Kurang",IF(G7>=IF(Aturan!$D$46="",Aturan!$C$46,Aturan!$D$46),"Nyaman","Cukup"))))) -> Tidak dinilai | P7: =IF($A7="","",IF(AND(Aturan!$C$47="",Aturan!$D$47=""),"Tidak dinilai",IF(H7="","Belum ada data",IF(H7<IF(Aturan!$C$47="",0,Aturan!$C$47),"Kurang",IF(H7>=IF(Aturan!$D$47="",Aturan!$C$47,Aturan!$D$47),"Nyaman","Cukup"))))) -> Tidak dinilai | Q7: =IF($A7="","",IF(COUNTIF(K7:P7,"Tidak dinilai")=6,"Tidak dinilai",IF(COUNTIF(K7:P7,"Kurang")>0,"Kurang cocok",IF(COUNTIF(K7:P7,"Belum ada data")>0,"Data belum lengkap",IF(COUNTIF(K7:P7,"Cukup")>0,"Bisa, dengan catatan","Cocok"))))) -> Cocok | R7: =IF($A7="","",IF(K7="Kurang","prosesor tingkat "&C7&" dari 5, di bawah batas minimal (tingkat "&Aturan!$C$42&")",IF(K7="Cukup","prosesor tingkat "&C7&" dari 5 cukup, nyamannya mulai tingkat "&Aturan!$D$42,IF(K7="Belum ada data","tingkat prosesor belum diisi","")))) | S7: =IF($A7="","",IF(L7="Kurang","grafis tingkat "&D7&" dari 5, di bawah batas minimal (tingkat "&Aturan!$C$43&")",IF(L7="Cukup","grafis tingkat "&D7&" dari 5 cukup, nyamannya mulai tingkat "&Aturan!$D$43,IF(L7="Belum ada data","tingkat grafis belum diisi","")))) | T7: =IF($A7="","",IF(M7="Kurang","RAM "&E7&" GB, di bawah batas minimal "&Aturan!$C$44&" GB ("&I7&")",IF(M7="Cukup","RAM "&E7&" GB cukup, nyamannya "&Aturan!$D$44&" GB atau lebih ("&I7&")",IF(M7="Belum ada data","ukuran RAM belum diisi","")))) | U7: =IF($A7="","",IF(N7="Kurang","penyimpanan "&F7&" GB, di bawah batas minimal "&Aturan!$C$45&" GB ("&J7&")",IF(N7="Cukup","penyimpanan "&F7&" GB cukup, nyamannya "&Aturan!$D$45&" GB atau lebih ("&J7&")",IF(N7="Belum ada data","ukuran penyimpanan belum diisi","")))) | V7: =IF($A7="","",IF(O7="Kurang","layar "&Varian!$AG5&", di bawah batas minimal ("&IFERROR(INDEX(Aturan!$A$63:$A$66,MATCH(Aturan!$C$46,Aturan!$B$63:$B$66,0)),"peringkat "&Aturan!$C$46)&")",IF(O7="Cukup","layar "&Varian!$AG5&" cukup, nyamannya "&IFERROR(INDEX(Aturan!$A$63:$A$66,MATCH(Aturan!$D$46,Aturan!$B$63:$B$66,0)),"peringkat "&Aturan!$D$46),IF(O7="Belum ada data","jenis layar belum diketahui","")))) | W7: =IF($A7="","",IF(P7="Kurang","layar "&H7&" Hz, di bawah batas minimal "&Aturan!$C$47&" Hz",IF(P7="Cukup","layar "&H7&" Hz cukup, nyamannya "&Aturan!$D$47&" Hz atau lebih",IF(P7="Belum ada data","refresh rate belum diketahui","")))) | X7: =IF($A7="","",IF(K7="Kurang",R7&"; ","")&IF(L7="Kurang",S7&"; ","")&IF(M7="Kurang",T7&"; ","")&IF(N7="Kurang",U7&"; ","")&IF(O7="Kurang",V7&"; ","")&IF(P7="Kurang",W7&"; ","")&IF(K7="Belum ada data",R7&"; ","")&IF(L7="Belum ada data",S7&"; ","")&IF(M7="Belum ada data",T7&"; ","")&IF(N7="Belum ada data",U7&"; ","")&IF(O7="Belum ada data",V7&"; ","")&IF(P7="Belum ada data",W7&"; ","")&IF(K7="Cukup",R7&"; ","")&IF(L7="Cukup",S7&"; ","")&IF(M7="Cukup",T7&"; ","")&IF(N7="Cukup",U7&"; ","")&IF(O7="Cukup",V7&"; ","")&IF(P7="Cukup",W7&"; ","")) | Y7: =IF($A7="","",IF(K7="Nyaman","prosesor, ","")&IF(L7="Nyaman","grafis, ","")&IF(M7="Nyaman","RAM, ","")&IF(N7="Nyaman","penyimpanan, ","")&IF(O7="Nyaman","layar, ","")&IF(P7="Nyaman","refresh rate, ","")) -> prosesor, RAM, penyimpanan, | Z7: =IF($A7="","",IF(Q7="Tidak dinilai","Belum ada kriteria yang dinilai untuk kebutuhan ini.",IF(Q7="Cocok","Semua kriteria yang dinilai sudah nyaman: "&LEFT(Y7,LEN(Y7)-2)&".",UPPER(LEFT(X7,1))&MID(X7,2,LEN(X7)-3)&"."&IF(Y7="",""," Sudah nyaman: "&LEFT(Y7,LEN(Y7)-2)&".")))) -> Semua kriteria yang dinilai sudah nyaman: prosesor, RAM, penyimpanan.
A8: =IF(Varian!$A5="","",Varian!$A5) -> asus-m1405ya-r5-7430u-16-512 | B8: =IF($A8="","",Aturan!$A$24) -> Game ringan | C8: =IF($A8="","",IFERROR(IF(ISNUMBER(INDEX(CPU!$J$4:$J$64,MATCH(Varian!$J5,CPU!$A$4:$A$64,0))),INDEX(CPU!$J$4:$J$64,MATCH(Varian!$J5,CPU!$A$4:$A$64,0)),""),"")) -> 3 | D8: =IF($A8="","",IFERROR(IF(ISNUMBER(INDEX(GPU!$G$4:$G$64,MATCH(Varian!$K5,GPU!$A$4:$A$64,0))),INDEX(GPU!$G$4:$G$64,MATCH(Varian!$K5,GPU!$A$4:$A$64,0)),""),"")) -> 2 | E8: =IF($A8="","",IF(ISNUMBER(Varian!$M5),Varian!$M5,"")) -> 16 | F8: =IF($A8="","",IF(ISNUMBER(Varian!$V5),Varian!$V5,"")) -> 512 | G8: =IF($A8="","",IFERROR(INDEX(Aturan!$B$63:$B$66,MATCH(Varian!$AG5,Aturan!$A$63:$A$66,0)),"")) -> 3 | H8: =IF($A8="","",IF(ISNUMBER(Varian!$AI5),Varian!$AI5,"")) -> 60 | I8: =IF($A8="","",IF(Varian!$Q5="disolder","menempel di papan utama, tidak bisa ditambah",IF(OR(Varian!$Q5="slot",Varian!$Q5="setengah_disolder"),IF(Varian!$Q5="setengah_disolder","sebagian menempel, ","")&IF(ISNUMBER(Varian!$U5),IF(AND(ISNUMBER(Varian!$M5),Varian!$U5>Varian!$M5),"bisa dinaikkan lewat slot sampai "&Varian!$U5&" GB","sudah di batas maksimal "&Varian!$U5&" GB"),"ada slot, batas maksimalnya belum diketahui"),"belum diketahui apakah bisa ditambah"))) -> sebagian menempel, sudah di batas maksimal 16 GB | J8: =IF($A8="","",IF(Varian!$Z5="ya","bisa diganti dengan yang lebih besar",IF(Varian!$Z5="tidak","menempel, tidak bisa diganti","belum diketahui apakah bisa diganti"))) -> bisa diganti dengan yang lebih besar | K8: =IF($A8="","",IF(AND(Aturan!$C$48="",Aturan!$D$48=""),"Tidak dinilai",IF(C8="","Belum ada data",IF(C8<IF(Aturan!$C$48="",0,Aturan!$C$48),"Kurang",IF(C8>=IF(Aturan!$D$48="",Aturan!$C$48,Aturan!$D$48),"Nyaman","Cukup"))))) -> Nyaman | L8: =IF($A8="","",IF(AND(Aturan!$C$49="",Aturan!$D$49=""),"Tidak dinilai",IF(D8="","Belum ada data",IF(D8<IF(Aturan!$C$49="",0,Aturan!$C$49),"Kurang",IF(D8>=IF(Aturan!$D$49="",Aturan!$C$49,Aturan!$D$49),"Nyaman","Cukup"))))) -> Nyaman | M8: =IF($A8="","",IF(AND(Aturan!$C$50="",Aturan!$D$50=""),"Tidak dinilai",IF(E8="","Belum ada data",IF(E8<IF(Aturan!$C$50="",0,Aturan!$C$50),"Kurang",IF(E8>=IF(Aturan!$D$50="",Aturan!$C$50,Aturan!$D$50),"Nyaman","Cukup"))))) -> Nyaman | N8: =IF($A8="","",IF(AND(Aturan!$C$51="",Aturan!$D$51=""),"Tidak dinilai",IF(F8="","Belum ada data",IF(F8<IF(Aturan!$C$51="",0,Aturan!$C$51),"Kurang",IF(F8>=IF(Aturan!$D$51="",Aturan!$C$51,Aturan!$D$51),"Nyaman","Cukup"))))) -> Nyaman | O8: =IF($A8="","",IF(AND(Aturan!$C$52="",Aturan!$D$52=""),"Tidak dinilai",IF(G8="","Belum ada data",IF(G8<IF(Aturan!$C$52="",0,Aturan!$C$52),"Kurang",IF(G8>=IF(Aturan!$D$52="",Aturan!$C$52,Aturan!$D$52),"Nyaman","Cukup"))))) -> Tidak dinilai | P8: =IF($A8="","",IF(AND(Aturan!$C$53="",Aturan!$D$53=""),"Tidak dinilai",IF(H8="","Belum ada data",IF(H8<IF(Aturan!$C$53="",0,Aturan!$C$53),"Kurang",IF(H8>=IF(Aturan!$D$53="",Aturan!$C$53,Aturan!$D$53),"Nyaman","Cukup"))))) -> Tidak dinilai | Q8: =IF($A8="","",IF(COUNTIF(K8:P8,"Tidak dinilai")=6,"Tidak dinilai",IF(COUNTIF(K8:P8,"Kurang")>0,"Kurang cocok",IF(COUNTIF(K8:P8,"Belum ada data")>0,"Data belum lengkap",IF(COUNTIF(K8:P8,"Cukup")>0,"Bisa, dengan catatan","Cocok"))))) -> Cocok | R8: =IF($A8="","",IF(K8="Kurang","prosesor tingkat "&C8&" dari 5, di bawah batas minimal (tingkat "&Aturan!$C$48&")",IF(K8="Cukup","prosesor tingkat "&C8&" dari 5 cukup, nyamannya mulai tingkat "&Aturan!$D$48,IF(K8="Belum ada data","tingkat prosesor belum diisi","")))) | S8: =IF($A8="","",IF(L8="Kurang","grafis tingkat "&D8&" dari 5, di bawah batas minimal (tingkat "&Aturan!$C$49&")",IF(L8="Cukup","grafis tingkat "&D8&" dari 5 cukup, nyamannya mulai tingkat "&Aturan!$D$49,IF(L8="Belum ada data","tingkat grafis belum diisi","")))) | T8: =IF($A8="","",IF(M8="Kurang","RAM "&E8&" GB, di bawah batas minimal "&Aturan!$C$50&" GB ("&I8&")",IF(M8="Cukup","RAM "&E8&" GB cukup, nyamannya "&Aturan!$D$50&" GB atau lebih ("&I8&")",IF(M8="Belum ada data","ukuran RAM belum diisi","")))) | U8: =IF($A8="","",IF(N8="Kurang","penyimpanan "&F8&" GB, di bawah batas minimal "&Aturan!$C$51&" GB ("&J8&")",IF(N8="Cukup","penyimpanan "&F8&" GB cukup, nyamannya "&Aturan!$D$51&" GB atau lebih ("&J8&")",IF(N8="Belum ada data","ukuran penyimpanan belum diisi","")))) | V8: =IF($A8="","",IF(O8="Kurang","layar "&Varian!$AG5&", di bawah batas minimal ("&IFERROR(INDEX(Aturan!$A$63:$A$66,MATCH(Aturan!$C$52,Aturan!$B$63:$B$66,0)),"peringkat "&Aturan!$C$52)&")",IF(O8="Cukup","layar "&Varian!$AG5&" cukup, nyamannya "&IFERROR(INDEX(Aturan!$A$63:$A$66,MATCH(Aturan!$D$52,Aturan!$B$63:$B$66,0)),"peringkat "&Aturan!$D$52),IF(O8="Belum ada data","jenis layar belum diketahui","")))) | W8: =IF($A8="","",IF(P8="Kurang","layar "&H8&" Hz, di bawah batas minimal "&Aturan!$C$53&" Hz",IF(P8="Cukup","layar "&H8&" Hz cukup, nyamannya "&Aturan!$D$53&" Hz atau lebih",IF(P8="Belum ada data","refresh rate belum diketahui","")))) | X8: =IF($A8="","",IF(K8="Kurang",R8&"; ","")&IF(L8="Kurang",S8&"; ","")&IF(M8="Kurang",T8&"; ","")&IF(N8="Kurang",U8&"; ","")&IF(O8="Kurang",V8&"; ","")&IF(P8="Kurang",W8&"; ","")&IF(K8="Belum ada data",R8&"; ","")&IF(L8="Belum ada data",S8&"; ","")&IF(M8="Belum ada data",T8&"; ","")&IF(N8="Belum ada data",U8&"; ","")&IF(O8="Belum ada data",V8&"; ","")&IF(P8="Belum ada data",W8&"; ","")&IF(K8="Cukup",R8&"; ","")&IF(L8="Cukup",S8&"; ","")&IF(M8="Cukup",T8&"; ","")&IF(N8="Cukup",U8&"; ","")&IF(O8="Cukup",V8&"; ","")&IF(P8="Cukup",W8&"; ","")) | Y8: =IF($A8="","",IF(K8="Nyaman","prosesor, ","")&IF(L8="Nyaman","grafis, ","")&IF(M8="Nyaman","RAM, ","")&IF(N8="Nyaman","penyimpanan, ","")&IF(O8="Nyaman","layar, ","")&IF(P8="Nyaman","refresh rate, ","")) -> prosesor, grafis, RAM, penyimpanan, | Z8: =IF($A8="","",IF(Q8="Tidak dinilai","Belum ada kriteria yang dinilai untuk kebutuhan ini.",IF(Q8="Cocok","Semua kriteria yang dinilai sudah nyaman: "&LEFT(Y8,LEN(Y8)-2)&".",UPPER(LEFT(X8,1))&MID(X8,2,LEN(X8)-3)&"."&IF(Y8="",""," Sudah nyaman: "&LEFT(Y8,LEN(Y8)-2)&".")))) -> Semua kriteria yang dinilai sudah nyaman: prosesor, grafis, RAM, penyimpanan.
A9: =IF(Varian!$A5="","",Varian!$A5) -> asus-m1405ya-r5-7430u-16-512 | B9: =IF($A9="","",Aturan!$A$25) -> Game berat | C9: =IF($A9="","",IFERROR(IF(ISNUMBER(INDEX(CPU!$J$4:$J$64,MATCH(Varian!$J5,CPU!$A$4:$A$64,0))),INDEX(CPU!$J$4:$J$64,MATCH(Varian!$J5,CPU!$A$4:$A$64,0)),""),"")) -> 3 | D9: =IF($A9="","",IFERROR(IF(ISNUMBER(INDEX(GPU!$G$4:$G$64,MATCH(Varian!$K5,GPU!$A$4:$A$64,0))),INDEX(GPU!$G$4:$G$64,MATCH(Varian!$K5,GPU!$A$4:$A$64,0)),""),"")) -> 2 | E9: =IF($A9="","",IF(ISNUMBER(Varian!$M5),Varian!$M5,"")) -> 16 | F9: =IF($A9="","",IF(ISNUMBER(Varian!$V5),Varian!$V5,"")) -> 512 | G9: =IF($A9="","",IFERROR(INDEX(Aturan!$B$63:$B$66,MATCH(Varian!$AG5,Aturan!$A$63:$A$66,0)),"")) -> 3 | H9: =IF($A9="","",IF(ISNUMBER(Varian!$AI5),Varian!$AI5,"")) -> 60 | I9: =IF($A9="","",IF(Varian!$Q5="disolder","menempel di papan utama, tidak bisa ditambah",IF(OR(Varian!$Q5="slot",Varian!$Q5="setengah_disolder"),IF(Varian!$Q5="setengah_disolder","sebagian menempel, ","")&IF(ISNUMBER(Varian!$U5),IF(AND(ISNUMBER(Varian!$M5),Varian!$U5>Varian!$M5),"bisa dinaikkan lewat slot sampai "&Varian!$U5&" GB","sudah di batas maksimal "&Varian!$U5&" GB"),"ada slot, batas maksimalnya belum diketahui"),"belum diketahui apakah bisa ditambah"))) -> sebagian menempel, sudah di batas maksimal 16 GB | J9: =IF($A9="","",IF(Varian!$Z5="ya","bisa diganti dengan yang lebih besar",IF(Varian!$Z5="tidak","menempel, tidak bisa diganti","belum diketahui apakah bisa diganti"))) -> bisa diganti dengan yang lebih besar | K9: =IF($A9="","",IF(AND(Aturan!$C$54="",Aturan!$D$54=""),"Tidak dinilai",IF(C9="","Belum ada data",IF(C9<IF(Aturan!$C$54="",0,Aturan!$C$54),"Kurang",IF(C9>=IF(Aturan!$D$54="",Aturan!$C$54,Aturan!$D$54),"Nyaman","Cukup"))))) -> Cukup | L9: =IF($A9="","",IF(AND(Aturan!$C$55="",Aturan!$D$55=""),"Tidak dinilai",IF(D9="","Belum ada data",IF(D9<IF(Aturan!$C$55="",0,Aturan!$C$55),"Kurang",IF(D9>=IF(Aturan!$D$55="",Aturan!$C$55,Aturan!$D$55),"Nyaman","Cukup"))))) -> Kurang | M9: =IF($A9="","",IF(AND(Aturan!$C$56="",Aturan!$D$56=""),"Tidak dinilai",IF(E9="","Belum ada data",IF(E9<IF(Aturan!$C$56="",0,Aturan!$C$56),"Kurang",IF(E9>=IF(Aturan!$D$56="",Aturan!$C$56,Aturan!$D$56),"Nyaman","Cukup"))))) -> Nyaman | N9: =IF($A9="","",IF(AND(Aturan!$C$57="",Aturan!$D$57=""),"Tidak dinilai",IF(F9="","Belum ada data",IF(F9<IF(Aturan!$C$57="",0,Aturan!$C$57),"Kurang",IF(F9>=IF(Aturan!$D$57="",Aturan!$C$57,Aturan!$D$57),"Nyaman","Cukup"))))) -> Cukup | O9: =IF($A9="","",IF(AND(Aturan!$C$58="",Aturan!$D$58=""),"Tidak dinilai",IF(G9="","Belum ada data",IF(G9<IF(Aturan!$C$58="",0,Aturan!$C$58),"Kurang",IF(G9>=IF(Aturan!$D$58="",Aturan!$C$58,Aturan!$D$58),"Nyaman","Cukup"))))) -> Tidak dinilai | P9: =IF($A9="","",IF(AND(Aturan!$C$59="",Aturan!$D$59=""),"Tidak dinilai",IF(H9="","Belum ada data",IF(H9<IF(Aturan!$C$59="",0,Aturan!$C$59),"Kurang",IF(H9>=IF(Aturan!$D$59="",Aturan!$C$59,Aturan!$D$59),"Nyaman","Cukup"))))) -> Cukup | Q9: =IF($A9="","",IF(COUNTIF(K9:P9,"Tidak dinilai")=6,"Tidak dinilai",IF(COUNTIF(K9:P9,"Kurang")>0,"Kurang cocok",IF(COUNTIF(K9:P9,"Belum ada data")>0,"Data belum lengkap",IF(COUNTIF(K9:P9,"Cukup")>0,"Bisa, dengan catatan","Cocok"))))) -> Kurang cocok | R9: =IF($A9="","",IF(K9="Kurang","prosesor tingkat "&C9&" dari 5, di bawah batas minimal (tingkat "&Aturan!$C$54&")",IF(K9="Cukup","prosesor tingkat "&C9&" dari 5 cukup, nyamannya mulai tingkat "&Aturan!$D$54,IF(K9="Belum ada data","tingkat prosesor belum diisi","")))) -> prosesor tingkat 3 dari 5 cukup, nyamannya mulai tingkat 4 | S9: =IF($A9="","",IF(L9="Kurang","grafis tingkat "&D9&" dari 5, di bawah batas minimal (tingkat "&Aturan!$C$55&")",IF(L9="Cukup","grafis tingkat "&D9&" dari 5 cukup, nyamannya mulai tingkat "&Aturan!$D$55,IF(L9="Belum ada data","tingkat grafis belum diisi","")))) -> grafis tingkat 2 dari 5, di bawah batas minimal (tingkat 3) | T9: =IF($A9="","",IF(M9="Kurang","RAM "&E9&" GB, di bawah batas minimal "&Aturan!$C$56&" GB ("&I9&")",IF(M9="Cukup","RAM "&E9&" GB cukup, nyamannya "&Aturan!$D$56&" GB atau lebih ("&I9&")",IF(M9="Belum ada data","ukuran RAM belum diisi","")))) | U9: =IF($A9="","",IF(N9="Kurang","penyimpanan "&F9&" GB, di bawah batas minimal "&Aturan!$C$57&" GB ("&J9&")",IF(N9="Cukup","penyimpanan "&F9&" GB cukup, nyamannya "&Aturan!$D$57&" GB atau lebih ("&J9&")",IF(N9="Belum ada data","ukuran penyimpanan belum diisi","")))) -> penyimpanan 512 GB cukup, nyamannya 1000 GB atau lebih (bisa diganti dengan yang lebih besar) | V9: =IF($A9="","",IF(O9="Kurang","layar "&Varian!$AG5&", di bawah batas minimal ("&IFERROR(INDEX(Aturan!$A$63:$A$66,MATCH(Aturan!$C$58,Aturan!$B$63:$B$66,0)),"peringkat "&Aturan!$C$58)&")",IF(O9="Cukup","layar "&Varian!$AG5&" cukup, nyamannya "&IFERROR(INDEX(Aturan!$A$63:$A$66,MATCH(Aturan!$D$58,Aturan!$B$63:$B$66,0)),"peringkat "&Aturan!$D$58),IF(O9="Belum ada data","jenis layar belum diketahui","")))) | W9: =IF($A9="","",IF(P9="Kurang","layar "&H9&" Hz, di bawah batas minimal "&Aturan!$C$59&" Hz",IF(P9="Cukup","layar "&H9&" Hz cukup, nyamannya "&Aturan!$D$59&" Hz atau lebih",IF(P9="Belum ada data","refresh rate belum diketahui","")))) -> layar 60 Hz cukup, nyamannya 120 Hz atau lebih | X9: =IF($A9="","",IF(K9="Kurang",R9&"; ","")&IF(L9="Kurang",S9&"; ","")&IF(M9="Kurang",T9&"; ","")&IF(N9="Kurang",U9&"; ","")&IF(O9="Kurang",V9&"; ","")&IF(P9="Kurang",W9&"; ","")&IF(K9="Belum ada data",R9&"; ","")&IF(L9="Belum ada data",S9&"; ","")&IF(M9="Belum ada data",T9&"; ","")&IF(N9="Belum ada data",U9&"; ","")&IF(O9="Belum ada data",V9&"; ","")&IF(P9="Belum ada data",W9&"; ","")&IF(K9="Cukup",R9&"; ","")&IF(L9="Cukup",S9&"; ","")&IF(M9="Cukup",T9&"; ","")&IF(N9="Cukup",U9&"; ","")&IF(O9="Cukup",V9&"; ","")&IF(P9="Cukup",W9&"; ","")) -> grafis tingkat 2 dari 5, di bawah batas minimal (tingkat 3); prosesor tingkat 3 dari 5 cukup, nyamannya mulai tingkat 4; penyimpanan 512 GB cukup, nyamannya 1000 GB atau lebih (bisa diganti dengan yang lebih besar); layar 60 Hz cukup, nyamannya 120 Hz atau lebih; | Y9: =IF($A9="","",IF(K9="Nyaman","prosesor, ","")&IF(L9="Nyaman","grafis, ","")&IF(M9="Nyaman","RAM, ","")&IF(N9="Nyaman","penyimpanan, ","")&IF(O9="Nyaman","layar, ","")&IF(P9="Nyaman","refresh rate, ","")) -> RAM, | Z9: =IF($A9="","",IF(Q9="Tidak dinilai","Belum ada kriteria yang dinilai untuk kebutuhan ini.",IF(Q9="Cocok","Semua kriteria yang dinilai sudah nyaman: "&LEFT(Y9,LEN(Y9)-2)&".",UPPER(LEFT(X9,1))&MID(X9,2,LEN(X9)-3)&"."&IF(Y9="",""," Sudah nyaman: "&LEFT(Y9,LEN(Y9)-2)&".")))) -> Grafis tingkat 2 dari 5, di bawah batas minimal (tingkat 3); prosesor tingkat 3 dari 5 cukup, nyamannya mulai tingkat 4; penyimpanan 512 GB cukup, nyamannya 1000 GB atau lebih (bisa diganti dengan yang lebih besar); layar 60 Hz cukup, nyamannya 120 Hz atau lebih. Sudah nyaman: RAM.
A10: =IF(Varian!$A6="","",Varian!$A6) -> hp-pavilion-x360-14-ek1005tu-i5-1335u-16-512 | B10: =IF($A10="","",Aturan!$A$21) -> Kuliah dan kantor | C10: =IF($A10="","",IFERROR(IF(ISNUMBER(INDEX(CPU!$J$4:$J$64,MATCH(Varian!$J6,CPU!$A$4:$A$64,0))),INDEX(CPU!$J$4:$J$64,MATCH(Varian!$J6,CPU!$A$4:$A$64,0)),""),"")) -> 3 | D10: =IF($A10="","",IFERROR(IF(ISNUMBER(INDEX(GPU!$G$4:$G$64,MATCH(Varian!$K6,GPU!$A$4:$A$64,0))),INDEX(GPU!$G$4:$G$64,MATCH(Varian!$K6,GPU!$A$4:$A$64,0)),""),"")) -> 2 | E10: =IF($A10="","",IF(ISNUMBER(Varian!$M6),Varian!$M6,"")) -> 16 | F10: =IF($A10="","",IF(ISNUMBER(Varian!$V6),Varian!$V6,"")) -> 512 | G10: =IF($A10="","",IFERROR(INDEX(Aturan!$B$63:$B$66,MATCH(Varian!$AG6,Aturan!$A$63:$A$66,0)),"")) -> 3 | H10: =IF($A10="","",IF(ISNUMBER(Varian!$AI6),Varian!$AI6,"")) | I10: =IF($A10="","",IF(Varian!$Q6="disolder","menempel di papan utama, tidak bisa ditambah",IF(OR(Varian!$Q6="slot",Varian!$Q6="setengah_disolder"),IF(Varian!$Q6="setengah_disolder","sebagian menempel, ","")&IF(ISNUMBER(Varian!$U6),IF(AND(ISNUMBER(Varian!$M6),Varian!$U6>Varian!$M6),"bisa dinaikkan lewat slot sampai "&Varian!$U6&" GB","sudah di batas maksimal "&Varian!$U6&" GB"),"ada slot, batas maksimalnya belum diketahui"),"belum diketahui apakah bisa ditambah"))) -> menempel di papan utama, tidak bisa ditambah | J10: =IF($A10="","",IF(Varian!$Z6="ya","bisa diganti dengan yang lebih besar",IF(Varian!$Z6="tidak","menempel, tidak bisa diganti","belum diketahui apakah bisa diganti"))) -> bisa diganti dengan yang lebih besar | K10: =IF($A10="","",IF(AND(Aturan!$C$30="",Aturan!$D$30=""),"Tidak dinilai",IF(C10="","Belum ada data",IF(C10<IF(Aturan!$C$30="",0,Aturan!$C$30),"Kurang",IF(C10>=IF(Aturan!$D$30="",Aturan!$C$30,Aturan!$D$30),"Nyaman","Cukup"))))) -> Nyaman | L10: =IF($A10="","",IF(AND(Aturan!$C$31="",Aturan!$D$31=""),"Tidak dinilai",IF(D10="","Belum ada data",IF(D10<IF(Aturan!$C$31="",0,Aturan!$C$31),"Kurang",IF(D10>=IF(Aturan!$D$31="",Aturan!$C$31,Aturan!$D$31),"Nyaman","Cukup"))))) -> Tidak dinilai | M10: =IF($A10="","",IF(AND(Aturan!$C$32="",Aturan!$D$32=""),"Tidak dinilai",IF(E10="","Belum ada data",IF(E10<IF(Aturan!$C$32="",0,Aturan!$C$32),"Kurang",IF(E10>=IF(Aturan!$D$32="",Aturan!$C$32,Aturan!$D$32),"Nyaman","Cukup"))))) -> Nyaman | N10: =IF($A10="","",IF(AND(Aturan!$C$33="",Aturan!$D$33=""),"Tidak dinilai",IF(F10="","Belum ada data",IF(F10<IF(Aturan!$C$33="",0,Aturan!$C$33),"Kurang",IF(F10>=IF(Aturan!$D$33="",Aturan!$C$33,Aturan!$D$33),"Nyaman","Cukup"))))) -> Nyaman | O10: =IF($A10="","",IF(AND(Aturan!$C$34="",Aturan!$D$34=""),"Tidak dinilai",IF(G10="","Belum ada data",IF(G10<IF(Aturan!$C$34="",0,Aturan!$C$34),"Kurang",IF(G10>=IF(Aturan!$D$34="",Aturan!$C$34,Aturan!$D$34),"Nyaman","Cukup"))))) -> Tidak dinilai | P10: =IF($A10="","",IF(AND(Aturan!$C$35="",Aturan!$D$35=""),"Tidak dinilai",IF(H10="","Belum ada data",IF(H10<IF(Aturan!$C$35="",0,Aturan!$C$35),"Kurang",IF(H10>=IF(Aturan!$D$35="",Aturan!$C$35,Aturan!$D$35),"Nyaman","Cukup"))))) -> Tidak dinilai | Q10: =IF($A10="","",IF(COUNTIF(K10:P10,"Tidak dinilai")=6,"Tidak dinilai",IF(COUNTIF(K10:P10,"Kurang")>0,"Kurang cocok",IF(COUNTIF(K10:P10,"Belum ada data")>0,"Data belum lengkap",IF(COUNTIF(K10:P10,"Cukup")>0,"Bisa, dengan catatan","Cocok"))))) -> Cocok | R10: =IF($A10="","",IF(K10="Kurang","prosesor tingkat "&C10&" dari 5, di bawah batas minimal (tingkat "&Aturan!$C$30&")",IF(K10="Cukup","prosesor tingkat "&C10&" dari 5 cukup, nyamannya mulai tingkat "&Aturan!$D$30,IF(K10="Belum ada data","tingkat prosesor belum diisi","")))) | S10: =IF($A10="","",IF(L10="Kurang","grafis tingkat "&D10&" dari 5, di bawah batas minimal (tingkat "&Aturan!$C$31&")",IF(L10="Cukup","grafis tingkat "&D10&" dari 5 cukup, nyamannya mulai tingkat "&Aturan!$D$31,IF(L10="Belum ada data","tingkat grafis belum diisi","")))) | T10: =IF($A10="","",IF(M10="Kurang","RAM "&E10&" GB, di bawah batas minimal "&Aturan!$C$32&" GB ("&I10&")",IF(M10="Cukup","RAM "&E10&" GB cukup, nyamannya "&Aturan!$D$32&" GB atau lebih ("&I10&")",IF(M10="Belum ada data","ukuran RAM belum diisi","")))) | U10: =IF($A10="","",IF(N10="Kurang","penyimpanan "&F10&" GB, di bawah batas minimal "&Aturan!$C$33&" GB ("&J10&")",IF(N10="Cukup","penyimpanan "&F10&" GB cukup, nyamannya "&Aturan!$D$33&" GB atau lebih ("&J10&")",IF(N10="Belum ada data","ukuran penyimpanan belum diisi","")))) | V10: =IF($A10="","",IF(O10="Kurang","layar "&Varian!$AG6&", di bawah batas minimal ("&IFERROR(INDEX(Aturan!$A$63:$A$66,MATCH(Aturan!$C$34,Aturan!$B$63:$B$66,0)),"peringkat "&Aturan!$C$34)&")",IF(O10="Cukup","layar "&Varian!$AG6&" cukup, nyamannya "&IFERROR(INDEX(Aturan!$A$63:$A$66,MATCH(Aturan!$D$34,Aturan!$B$63:$B$66,0)),"peringkat "&Aturan!$D$34),IF(O10="Belum ada data","jenis layar belum diketahui","")))) | W10: =IF($A10="","",IF(P10="Kurang","layar "&H10&" Hz, di bawah batas minimal "&Aturan!$C$35&" Hz",IF(P10="Cukup","layar "&H10&" Hz cukup, nyamannya "&Aturan!$D$35&" Hz atau lebih",IF(P10="Belum ada data","refresh rate belum diketahui","")))) | X10: =IF($A10="","",IF(K10="Kurang",R10&"; ","")&IF(L10="Kurang",S10&"; ","")&IF(M10="Kurang",T10&"; ","")&IF(N10="Kurang",U10&"; ","")&IF(O10="Kurang",V10&"; ","")&IF(P10="Kurang",W10&"; ","")&IF(K10="Belum ada data",R10&"; ","")&IF(L10="Belum ada data",S10&"; ","")&IF(M10="Belum ada data",T10&"; ","")&IF(N10="Belum ada data",U10&"; ","")&IF(O10="Belum ada data",V10&"; ","")&IF(P10="Belum ada data",W10&"; ","")&IF(K10="Cukup",R10&"; ","")&IF(L10="Cukup",S10&"; ","")&IF(M10="Cukup",T10&"; ","")&IF(N10="Cukup",U10&"; ","")&IF(O10="Cukup",V10&"; ","")&IF(P10="Cukup",W10&"; ","")) | Y10: =IF($A10="","",IF(K10="Nyaman","prosesor, ","")&IF(L10="Nyaman","grafis, ","")&IF(M10="Nyaman","RAM, ","")&IF(N10="Nyaman","penyimpanan, ","")&IF(O10="Nyaman","layar, ","")&IF(P10="Nyaman","refresh rate, ","")) -> prosesor, RAM, penyimpanan, | Z10: =IF($A10="","",IF(Q10="Tidak dinilai","Belum ada kriteria yang dinilai untuk kebutuhan ini.",IF(Q10="Cocok","Semua kriteria yang dinilai sudah nyaman: "&LEFT(Y10,LEN(Y10)-2)&".",UPPER(LEFT(X10,1))&MID(X10,2,LEN(X10)-3)&"."&IF(Y10="",""," Sudah nyaman: "&LEFT(Y10,LEN(Y10)-2)&".")))) -> Semua kriteria yang dinilai sudah nyaman: prosesor, RAM, penyimpanan. | AA10: =IF($A10="","",IF(Varian!$AR6="Windows 10","• "&Aturan!$E$71&CHAR(10),"")&IF(Varian!$BB6="tidak","• "&Aturan!$E$72&CHAR(10),"")&IF(OR(Varian!$AD6="belum terverifikasi",Varian!$AD6="tidak diketahui"),"• "&Aturan!$E$73&CHAR(10),"")&IF(Varian!$AH6="1366x768","• "&Aturan!$E$74&CHAR(10),"")&IF(Varian!$AG6="TN","• "&Aturan!$E$75&CHAR(10),"")&IF(AND(Varian!$Q6="disolder",ISNUMBER(Varian!$M6),Varian!$M6<=8),"• "&Aturan!$E$76&CHAR(10),"")) -> • Info RAM dan penyimpanan (bisa diganti atau tidak) belum terverifikasi. Periksa lagi sebelum membeli. | AB10: =IF($A10="","",IF(AA10="","",LEFT(AA10,LEN(AA10)-1))) -> • Info RAM dan penyimpanan (bisa diganti atau tidak) belum terverifikasi. Periksa lagi sebelum membeli. | AC10: =IF($A10="","",IF(AA10="",0,LEN(AA10)-LEN(SUBSTITUTE(AA10,CHAR(10),"")))) -> 1
A11: =IF(Varian!$A6="","",Varian!$A6) -> hp-pavilion-x360-14-ek1005tu-i5-1335u-16-512 | B11: =IF($A11="","",Aturan!$A$22) -> Desain grafis | C11: =IF($A11="","",IFERROR(IF(ISNUMBER(INDEX(CPU!$J$4:$J$64,MATCH(Varian!$J6,CPU!$A$4:$A$64,0))),INDEX(CPU!$J$4:$J$64,MATCH(Varian!$J6,CPU!$A$4:$A$64,0)),""),"")) -> 3 | D11: =IF($A11="","",IFERROR(IF(ISNUMBER(INDEX(GPU!$G$4:$G$64,MATCH(Varian!$K6,GPU!$A$4:$A$64,0))),INDEX(GPU!$G$4:$G$64,MATCH(Varian!$K6,GPU!$A$4:$A$64,0)),""),"")) -> 2 | E11: =IF($A11="","",IF(ISNUMBER(Varian!$M6),Varian!$M6,"")) -> 16 | F11: =IF($A11="","",IF(ISNUMBER(Varian!$V6),Varian!$V6,"")) -> 512 | G11: =IF($A11="","",IFERROR(INDEX(Aturan!$B$63:$B$66,MATCH(Varian!$AG6,Aturan!$A$63:$A$66,0)),"")) -> 3 | H11: =IF($A11="","",IF(ISNUMBER(Varian!$AI6),Varian!$AI6,"")) | I11: =IF($A11="","",IF(Varian!$Q6="disolder","menempel di papan utama, tidak bisa ditambah",IF(OR(Varian!$Q6="slot",Varian!$Q6="setengah_disolder"),IF(Varian!$Q6="setengah_disolder","sebagian menempel, ","")&IF(ISNUMBER(Varian!$U6),IF(AND(ISNUMBER(Varian!$M6),Varian!$U6>Varian!$M6),"bisa dinaikkan lewat slot sampai "&Varian!$U6&" GB","sudah di batas maksimal "&Varian!$U6&" GB"),"ada slot, batas maksimalnya belum diketahui"),"belum diketahui apakah bisa ditambah"))) -> menempel di papan utama, tidak bisa ditambah | J11: =IF($A11="","",IF(Varian!$Z6="ya","bisa diganti dengan yang lebih besar",IF(Varian!$Z6="tidak","menempel, tidak bisa diganti","belum diketahui apakah bisa diganti"))) -> bisa diganti dengan yang lebih besar | K11: =IF($A11="","",IF(AND(Aturan!$C$36="",Aturan!$D$36=""),"Tidak dinilai",IF(C11="","Belum ada data",IF(C11<IF(Aturan!$C$36="",0,Aturan!$C$36),"Kurang",IF(C11>=IF(Aturan!$D$36="",Aturan!$C$36,Aturan!$D$36),"Nyaman","Cukup"))))) -> Nyaman | L11: =IF($A11="","",IF(AND(Aturan!$C$37="",Aturan!$D$37=""),"Tidak dinilai",IF(D11="","Belum ada data",IF(D11<IF(Aturan!$C$37="",0,Aturan!$C$37),"Kurang",IF(D11>=IF(Aturan!$D$37="",Aturan!$C$37,Aturan!$D$37),"Nyaman","Cukup"))))) -> Nyaman | M11: =IF($A11="","",IF(AND(Aturan!$C$38="",Aturan!$D$38=""),"Tidak dinilai",IF(E11="","Belum ada data",IF(E11<IF(Aturan!$C$38="",0,Aturan!$C$38),"Kurang",IF(E11>=IF(Aturan!$D$38="",Aturan!$C$38,Aturan!$D$38),"Nyaman","Cukup"))))) -> Nyaman | N11: =IF($A11="","",IF(AND(Aturan!$C$39="",Aturan!$D$39=""),"Tidak dinilai",IF(F11="","Belum ada data",IF(F11<IF(Aturan!$C$39="",0,Aturan!$C$39),"Kurang",IF(F11>=IF(Aturan!$D$39="",Aturan!$C$39,Aturan!$D$39),"Nyaman","Cukup"))))) -> Nyaman | O11: =IF($A11="","",IF(AND(Aturan!$C$40="",Aturan!$D$40=""),"Tidak dinilai",IF(G11="","Belum ada data",IF(G11<IF(Aturan!$C$40="",0,Aturan!$C$40),"Kurang",IF(G11>=IF(Aturan!$D$40="",Aturan!$C$40,Aturan!$D$40),"Nyaman","Cukup"))))) -> Cukup | P11: =IF($A11="","",IF(AND(Aturan!$C$41="",Aturan!$D$41=""),"Tidak dinilai",IF(H11="","Belum ada data",IF(H11<IF(Aturan!$C$41="",0,Aturan!$C$41),"Kurang",IF(H11>=IF(Aturan!$D$41="",Aturan!$C$41,Aturan!$D$41),"Nyaman","Cukup"))))) -> Tidak dinilai | Q11: =IF($A11="","",IF(COUNTIF(K11:P11,"Tidak dinilai")=6,"Tidak dinilai",IF(COUNTIF(K11:P11,"Kurang")>0,"Kurang cocok",IF(COUNTIF(K11:P11,"Belum ada data")>0,"Data belum lengkap",IF(COUNTIF(K11:P11,"Cukup")>0,"Bisa, dengan catatan","Cocok"))))) -> Bisa, dengan catatan | R11: =IF($A11="","",IF(K11="Kurang","prosesor tingkat "&C11&" dari 5, di bawah batas minimal (tingkat "&Aturan!$C$36&")",IF(K11="Cukup","prosesor tingkat "&C11&" dari 5 cukup, nyamannya mulai tingkat "&Aturan!$D$36,IF(K11="Belum ada data","tingkat prosesor belum diisi","")))) | S11: =IF($A11="","",IF(L11="Kurang","grafis tingkat "&D11&" dari 5, di bawah batas minimal (tingkat "&Aturan!$C$37&")",IF(L11="Cukup","grafis tingkat "&D11&" dari 5 cukup, nyamannya mulai tingkat "&Aturan!$D$37,IF(L11="Belum ada data","tingkat grafis belum diisi","")))) | T11: =IF($A11="","",IF(M11="Kurang","RAM "&E11&" GB, di bawah batas minimal "&Aturan!$C$38&" GB ("&I11&")",IF(M11="Cukup","RAM "&E11&" GB cukup, nyamannya "&Aturan!$D$38&" GB atau lebih ("&I11&")",IF(M11="Belum ada data","ukuran RAM belum diisi","")))) | U11: =IF($A11="","",IF(N11="Kurang","penyimpanan "&F11&" GB, di bawah batas minimal "&Aturan!$C$39&" GB ("&J11&")",IF(N11="Cukup","penyimpanan "&F11&" GB cukup, nyamannya "&Aturan!$D$39&" GB atau lebih ("&J11&")",IF(N11="Belum ada data","ukuran penyimpanan belum diisi","")))) | V11: =IF($A11="","",IF(O11="Kurang","layar "&Varian!$AG6&", di bawah batas minimal ("&IFERROR(INDEX(Aturan!$A$63:$A$66,MATCH(Aturan!$C$40,Aturan!$B$63:$B$66,0)),"peringkat "&Aturan!$C$40)&")",IF(O11="Cukup","layar "&Varian!$AG6&" cukup, nyamannya "&IFERROR(INDEX(Aturan!$A$63:$A$66,MATCH(Aturan!$D$40,Aturan!$B$63:$B$66,0)),"peringkat "&Aturan!$D$40),IF(O11="Belum ada data","jenis layar belum diketahui","")))) -> layar IPS cukup, nyamannya OLED | W11: =IF($A11="","",IF(P11="Kurang","layar "&H11&" Hz, di bawah batas minimal "&Aturan!$C$41&" Hz",IF(P11="Cukup","layar "&H11&" Hz cukup, nyamannya "&Aturan!$D$41&" Hz atau lebih",IF(P11="Belum ada data","refresh rate belum diketahui","")))) | X11: =IF($A11="","",IF(K11="Kurang",R11&"; ","")&IF(L11="Kurang",S11&"; ","")&IF(M11="Kurang",T11&"; ","")&IF(N11="Kurang",U11&"; ","")&IF(O11="Kurang",V11&"; ","")&IF(P11="Kurang",W11&"; ","")&IF(K11="Belum ada data",R11&"; ","")&IF(L11="Belum ada data",S11&"; ","")&IF(M11="Belum ada data",T11&"; ","")&IF(N11="Belum ada data",U11&"; ","")&IF(O11="Belum ada data",V11&"; ","")&IF(P11="Belum ada data",W11&"; ","")&IF(K11="Cukup",R11&"; ","")&IF(L11="Cukup",S11&"; ","")&IF(M11="Cukup",T11&"; ","")&IF(N11="Cukup",U11&"; ","")&IF(O11="Cukup",V11&"; ","")&IF(P11="Cukup",W11&"; ","")) -> layar IPS cukup, nyamannya OLED; | Y11: =IF($A11="","",IF(K11="Nyaman","prosesor, ","")&IF(L11="Nyaman","grafis, ","")&IF(M11="Nyaman","RAM, ","")&IF(N11="Nyaman","penyimpanan, ","")&IF(O11="Nyaman","layar, ","")&IF(P11="Nyaman","refresh rate, ","")) -> prosesor, grafis, RAM, penyimpanan, | Z11: =IF($A11="","",IF(Q11="Tidak dinilai","Belum ada kriteria yang dinilai untuk kebutuhan ini.",IF(Q11="Cocok","Semua kriteria yang dinilai sudah nyaman: "&LEFT(Y11,LEN(Y11)-2)&".",UPPER(LEFT(X11,1))&MID(X11,2,LEN(X11)-3)&"."&IF(Y11="",""," Sudah nyaman: "&LEFT(Y11,LEN(Y11)-2)&".")))) -> Layar IPS cukup, nyamannya OLED. Sudah nyaman: prosesor, grafis, RAM, penyimpanan.
A12: =IF(Varian!$A6="","",Varian!$A6) -> hp-pavilion-x360-14-ek1005tu-i5-1335u-16-512 | B12: =IF($A12="","",Aturan!$A$23) -> Pemrograman | C12: =IF($A12="","",IFERROR(IF(ISNUMBER(INDEX(CPU!$J$4:$J$64,MATCH(Varian!$J6,CPU!$A$4:$A$64,0))),INDEX(CPU!$J$4:$J$64,MATCH(Varian!$J6,CPU!$A$4:$A$64,0)),""),"")) -> 3 | D12: =IF($A12="","",IFERROR(IF(ISNUMBER(INDEX(GPU!$G$4:$G$64,MATCH(Varian!$K6,GPU!$A$4:$A$64,0))),INDEX(GPU!$G$4:$G$64,MATCH(Varian!$K6,GPU!$A$4:$A$64,0)),""),"")) -> 2 | E12: =IF($A12="","",IF(ISNUMBER(Varian!$M6),Varian!$M6,"")) -> 16 | F12: =IF($A12="","",IF(ISNUMBER(Varian!$V6),Varian!$V6,"")) -> 512 | G12: =IF($A12="","",IFERROR(INDEX(Aturan!$B$63:$B$66,MATCH(Varian!$AG6,Aturan!$A$63:$A$66,0)),"")) -> 3 | H12: =IF($A12="","",IF(ISNUMBER(Varian!$AI6),Varian!$AI6,"")) | I12: =IF($A12="","",IF(Varian!$Q6="disolder","menempel di papan utama, tidak bisa ditambah",IF(OR(Varian!$Q6="slot",Varian!$Q6="setengah_disolder"),IF(Varian!$Q6="setengah_disolder","sebagian menempel, ","")&IF(ISNUMBER(Varian!$U6),IF(AND(ISNUMBER(Varian!$M6),Varian!$U6>Varian!$M6),"bisa dinaikkan lewat slot sampai "&Varian!$U6&" GB","sudah di batas maksimal "&Varian!$U6&" GB"),"ada slot, batas maksimalnya belum diketahui"),"belum diketahui apakah bisa ditambah"))) -> menempel di papan utama, tidak bisa ditambah | J12: =IF($A12="","",IF(Varian!$Z6="ya","bisa diganti dengan yang lebih besar",IF(Varian!$Z6="tidak","menempel, tidak bisa diganti","belum diketahui apakah bisa diganti"))) -> bisa diganti dengan yang lebih besar | K12: =IF($A12="","",IF(AND(Aturan!$C$42="",Aturan!$D$42=""),"Tidak dinilai",IF(C12="","Belum ada data",IF(C12<IF(Aturan!$C$42="",0,Aturan!$C$42),"Kurang",IF(C12>=IF(Aturan!$D$42="",Aturan!$C$42,Aturan!$D$42),"Nyaman","Cukup"))))) -> Nyaman | L12: =IF($A12="","",IF(AND(Aturan!$C$43="",Aturan!$D$43=""),"Tidak dinilai",IF(D12="","Belum ada data",IF(D12<IF(Aturan!$C$43="",0,Aturan!$C$43),"Kurang",IF(D12>=IF(Aturan!$D$43="",Aturan!$C$43,Aturan!$D$43),"Nyaman","Cukup"))))) -> Tidak dinilai | M12: =IF($A12="","",IF(AND(Aturan!$C$44="",Aturan!$D$44=""),"Tidak dinilai",IF(E12="","Belum ada data",IF(E12<IF(Aturan!$C$44="",0,Aturan!$C$44),"Kurang",IF(E12>=IF(Aturan!$D$44="",Aturan!$C$44,Aturan!$D$44),"Nyaman","Cukup"))))) -> Nyaman | N12: =IF($A12="","",IF(AND(Aturan!$C$45="",Aturan!$D$45=""),"Tidak dinilai",IF(F12="","Belum ada data",IF(F12<IF(Aturan!$C$45="",0,Aturan!$C$45),"Kurang",IF(F12>=IF(Aturan!$D$45="",Aturan!$C$45,Aturan!$D$45),"Nyaman","Cukup"))))) -> Nyaman | O12: =IF($A12="","",IF(AND(Aturan!$C$46="",Aturan!$D$46=""),"Tidak dinilai",IF(G12="","Belum ada data",IF(G12<IF(Aturan!$C$46="",0,Aturan!$C$46),"Kurang",IF(G12>=IF(Aturan!$D$46="",Aturan!$C$46,Aturan!$D$46),"Nyaman","Cukup"))))) -> Tidak dinilai | P12: =IF($A12="","",IF(AND(Aturan!$C$47="",Aturan!$D$47=""),"Tidak dinilai",IF(H12="","Belum ada data",IF(H12<IF(Aturan!$C$47="",0,Aturan!$C$47),"Kurang",IF(H12>=IF(Aturan!$D$47="",Aturan!$C$47,Aturan!$D$47),"Nyaman","Cukup"))))) -> Tidak dinilai | Q12: =IF($A12="","",IF(COUNTIF(K12:P12,"Tidak dinilai")=6,"Tidak dinilai",IF(COUNTIF(K12:P12,"Kurang")>0,"Kurang cocok",IF(COUNTIF(K12:P12,"Belum ada data")>0,"Data belum lengkap",IF(COUNTIF(K12:P12,"Cukup")>0,"Bisa, dengan catatan","Cocok"))))) -> Cocok | R12: =IF($A12="","",IF(K12="Kurang","prosesor tingkat "&C12&" dari 5, di bawah batas minimal (tingkat "&Aturan!$C$42&")",IF(K12="Cukup","prosesor tingkat "&C12&" dari 5 cukup, nyamannya mulai tingkat "&Aturan!$D$42,IF(K12="Belum ada data","tingkat prosesor belum diisi","")))) | S12: =IF($A12="","",IF(L12="Kurang","grafis tingkat "&D12&" dari 5, di bawah batas minimal (tingkat "&Aturan!$C$43&")",IF(L12="Cukup","grafis tingkat "&D12&" dari 5 cukup, nyamannya mulai tingkat "&Aturan!$D$43,IF(L12="Belum ada data","tingkat grafis belum diisi","")))) | T12: =IF($A12="","",IF(M12="Kurang","RAM "&E12&" GB, di bawah batas minimal "&Aturan!$C$44&" GB ("&I12&")",IF(M12="Cukup","RAM "&E12&" GB cukup, nyamannya "&Aturan!$D$44&" GB atau lebih ("&I12&")",IF(M12="Belum ada data","ukuran RAM belum diisi","")))) | U12: =IF($A12="","",IF(N12="Kurang","penyimpanan "&F12&" GB, di bawah batas minimal "&Aturan!$C$45&" GB ("&J12&")",IF(N12="Cukup","penyimpanan "&F12&" GB cukup, nyamannya "&Aturan!$D$45&" GB atau lebih ("&J12&")",IF(N12="Belum ada data","ukuran penyimpanan belum diisi","")))) | V12: =IF($A12="","",IF(O12="Kurang","layar "&Varian!$AG6&", di bawah batas minimal ("&IFERROR(INDEX(Aturan!$A$63:$A$66,MATCH(Aturan!$C$46,Aturan!$B$63:$B$66,0)),"peringkat "&Aturan!$C$46)&")",IF(O12="Cukup","layar "&Varian!$AG6&" cukup, nyamannya "&IFERROR(INDEX(Aturan!$A$63:$A$66,MATCH(Aturan!$D$46,Aturan!$B$63:$B$66,0)),"peringkat "&Aturan!$D$46),IF(O12="Belum ada data","jenis layar belum diketahui","")))) | W12: =IF($A12="","",IF(P12="Kurang","layar "&H12&" Hz, di bawah batas minimal "&Aturan!$C$47&" Hz",IF(P12="Cukup","layar "&H12&" Hz cukup, nyamannya "&Aturan!$D$47&" Hz atau lebih",IF(P12="Belum ada data","refresh rate belum diketahui","")))) | X12: =IF($A12="","",IF(K12="Kurang",R12&"; ","")&IF(L12="Kurang",S12&"; ","")&IF(M12="Kurang",T12&"; ","")&IF(N12="Kurang",U12&"; ","")&IF(O12="Kurang",V12&"; ","")&IF(P12="Kurang",W12&"; ","")&IF(K12="Belum ada data",R12&"; ","")&IF(L12="Belum ada data",S12&"; ","")&IF(M12="Belum ada data",T12&"; ","")&IF(N12="Belum ada data",U12&"; ","")&IF(O12="Belum ada data",V12&"; ","")&IF(P12="Belum ada data",W12&"; ","")&IF(K12="Cukup",R12&"; ","")&IF(L12="Cukup",S12&"; ","")&IF(M12="Cukup",T12&"; ","")&IF(N12="Cukup",U12&"; ","")&IF(O12="Cukup",V12&"; ","")&IF(P12="Cukup",W12&"; ","")) | Y12: =IF($A12="","",IF(K12="Nyaman","prosesor, ","")&IF(L12="Nyaman","grafis, ","")&IF(M12="Nyaman","RAM, ","")&IF(N12="Nyaman","penyimpanan, ","")&IF(O12="Nyaman","layar, ","")&IF(P12="Nyaman","refresh rate, ","")) -> prosesor, RAM, penyimpanan, | Z12: =IF($A12="","",IF(Q12="Tidak dinilai","Belum ada kriteria yang dinilai untuk kebutuhan ini.",IF(Q12="Cocok","Semua kriteria yang dinilai sudah nyaman: "&LEFT(Y12,LEN(Y12)-2)&".",UPPER(LEFT(X12,1))&MID(X12,2,LEN(X12)-3)&"."&IF(Y12="",""," Sudah nyaman: "&LEFT(Y12,LEN(Y12)-2)&".")))) -> Semua kriteria yang dinilai sudah nyaman: prosesor, RAM, penyimpanan.
A13: =IF(Varian!$A6="","",Varian!$A6) -> hp-pavilion-x360-14-ek1005tu-i5-1335u-16-512 | B13: =IF($A13="","",Aturan!$A$24) -> Game ringan | C13: =IF($A13="","",IFERROR(IF(ISNUMBER(INDEX(CPU!$J$4:$J$64,MATCH(Varian!$J6,CPU!$A$4:$A$64,0))),INDEX(CPU!$J$4:$J$64,MATCH(Varian!$J6,CPU!$A$4:$A$64,0)),""),"")) -> 3 | D13: =IF($A13="","",IFERROR(IF(ISNUMBER(INDEX(GPU!$G$4:$G$64,MATCH(Varian!$K6,GPU!$A$4:$A$64,0))),INDEX(GPU!$G$4:$G$64,MATCH(Varian!$K6,GPU!$A$4:$A$64,0)),""),"")) -> 2 | E13: =IF($A13="","",IF(ISNUMBER(Varian!$M6),Varian!$M6,"")) -> 16 | F13: =IF($A13="","",IF(ISNUMBER(Varian!$V6),Varian!$V6,"")) -> 512 | G13: =IF($A13="","",IFERROR(INDEX(Aturan!$B$63:$B$66,MATCH(Varian!$AG6,Aturan!$A$63:$A$66,0)),"")) -> 3 | H13: =IF($A13="","",IF(ISNUMBER(Varian!$AI6),Varian!$AI6,"")) | I13: =IF($A13="","",IF(Varian!$Q6="disolder","menempel di papan utama, tidak bisa ditambah",IF(OR(Varian!$Q6="slot",Varian!$Q6="setengah_disolder"),IF(Varian!$Q6="setengah_disolder","sebagian menempel, ","")&IF(ISNUMBER(Varian!$U6),IF(AND(ISNUMBER(Varian!$M6),Varian!$U6>Varian!$M6),"bisa dinaikkan lewat slot sampai "&Varian!$U6&" GB","sudah di batas maksimal "&Varian!$U6&" GB"),"ada slot, batas maksimalnya belum diketahui"),"belum diketahui apakah bisa ditambah"))) -> menempel di papan utama, tidak bisa ditambah | J13: =IF($A13="","",IF(Varian!$Z6="ya","bisa diganti dengan yang lebih besar",IF(Varian!$Z6="tidak","menempel, tidak bisa diganti","belum diketahui apakah bisa diganti"))) -> bisa diganti dengan yang lebih besar | K13: =IF($A13="","",IF(AND(Aturan!$C$48="",Aturan!$D$48=""),"Tidak dinilai",IF(C13="","Belum ada data",IF(C13<IF(Aturan!$C$48="",0,Aturan!$C$48),"Kurang",IF(C13>=IF(Aturan!$D$48="",Aturan!$C$48,Aturan!$D$48),"Nyaman","Cukup"))))) -> Nyaman | L13: =IF($A13="","",IF(AND(Aturan!$C$49="",Aturan!$D$49=""),"Tidak dinilai",IF(D13="","Belum ada data",IF(D13<IF(Aturan!$C$49="",0,Aturan!$C$49),"Kurang",IF(D13>=IF(Aturan!$D$49="",Aturan!$C$49,Aturan!$D$49),"Nyaman","Cukup"))))) -> Nyaman | M13: =IF($A13="","",IF(AND(Aturan!$C$50="",Aturan!$D$50=""),"Tidak dinilai",IF(E13="","Belum ada data",IF(E13<IF(Aturan!$C$50="",0,Aturan!$C$50),"Kurang",IF(E13>=IF(Aturan!$D$50="",Aturan!$C$50,Aturan!$D$50),"Nyaman","Cukup"))))) -> Nyaman | N13: =IF($A13="","",IF(AND(Aturan!$C$51="",Aturan!$D$51=""),"Tidak dinilai",IF(F13="","Belum ada data",IF(F13<IF(Aturan!$C$51="",0,Aturan!$C$51),"Kurang",IF(F13>=IF(Aturan!$D$51="",Aturan!$C$51,Aturan!$D$51),"Nyaman","Cukup"))))) -> Nyaman | O13: =IF($A13="","",IF(AND(Aturan!$C$52="",Aturan!$D$52=""),"Tidak dinilai",IF(G13="","Belum ada data",IF(G13<IF(Aturan!$C$52="",0,Aturan!$C$52),"Kurang",IF(G13>=IF(Aturan!$D$52="",Aturan!$C$52,Aturan!$D$52),"Nyaman","Cukup"))))) -> Tidak dinilai | P13: =IF($A13="","",IF(AND(Aturan!$C$53="",Aturan!$D$53=""),"Tidak dinilai",IF(H13="","Belum ada data",IF(H13<IF(Aturan!$C$53="",0,Aturan!$C$53),"Kurang",IF(H13>=IF(Aturan!$D$53="",Aturan!$C$53,Aturan!$D$53),"Nyaman","Cukup"))))) -> Tidak dinilai | Q13: =IF($A13="","",IF(COUNTIF(K13:P13,"Tidak dinilai")=6,"Tidak dinilai",IF(COUNTIF(K13:P13,"Kurang")>0,"Kurang cocok",IF(COUNTIF(K13:P13,"Belum ada data")>0,"Data belum lengkap",IF(COUNTIF(K13:P13,"Cukup")>0,"Bisa, dengan catatan","Cocok"))))) -> Cocok | R13: =IF($A13="","",IF(K13="Kurang","prosesor tingkat "&C13&" dari 5, di bawah batas minimal (tingkat "&Aturan!$C$48&")",IF(K13="Cukup","prosesor tingkat "&C13&" dari 5 cukup, nyamannya mulai tingkat "&Aturan!$D$48,IF(K13="Belum ada data","tingkat prosesor belum diisi","")))) | S13: =IF($A13="","",IF(L13="Kurang","grafis tingkat "&D13&" dari 5, di bawah batas minimal (tingkat "&Aturan!$C$49&")",IF(L13="Cukup","grafis tingkat "&D13&" dari 5 cukup, nyamannya mulai tingkat "&Aturan!$D$49,IF(L13="Belum ada data","tingkat grafis belum diisi","")))) | T13: =IF($A13="","",IF(M13="Kurang","RAM "&E13&" GB, di bawah batas minimal "&Aturan!$C$50&" GB ("&I13&")",IF(M13="Cukup","RAM "&E13&" GB cukup, nyamannya "&Aturan!$D$50&" GB atau lebih ("&I13&")",IF(M13="Belum ada data","ukuran RAM belum diisi","")))) | U13: =IF($A13="","",IF(N13="Kurang","penyimpanan "&F13&" GB, di bawah batas minimal "&Aturan!$C$51&" GB ("&J13&")",IF(N13="Cukup","penyimpanan "&F13&" GB cukup, nyamannya "&Aturan!$D$51&" GB atau lebih ("&J13&")",IF(N13="Belum ada data","ukuran penyimpanan belum diisi","")))) | V13: =IF($A13="","",IF(O13="Kurang","layar "&Varian!$AG6&", di bawah batas minimal ("&IFERROR(INDEX(Aturan!$A$63:$A$66,MATCH(Aturan!$C$52,Aturan!$B$63:$B$66,0)),"peringkat "&Aturan!$C$52)&")",IF(O13="Cukup","layar "&Varian!$AG6&" cukup, nyamannya "&IFERROR(INDEX(Aturan!$A$63:$A$66,MATCH(Aturan!$D$52,Aturan!$B$63:$B$66,0)),"peringkat "&Aturan!$D$52),IF(O13="Belum ada data","jenis layar belum diketahui","")))) | W13: =IF($A13="","",IF(P13="Kurang","layar "&H13&" Hz, di bawah batas minimal "&Aturan!$C$53&" Hz",IF(P13="Cukup","layar "&H13&" Hz cukup, nyamannya "&Aturan!$D$53&" Hz atau lebih",IF(P13="Belum ada data","refresh rate belum diketahui","")))) | X13: =IF($A13="","",IF(K13="Kurang",R13&"; ","")&IF(L13="Kurang",S13&"; ","")&IF(M13="Kurang",T13&"; ","")&IF(N13="Kurang",U13&"; ","")&IF(O13="Kurang",V13&"; ","")&IF(P13="Kurang",W13&"; ","")&IF(K13="Belum ada data",R13&"; ","")&IF(L13="Belum ada data",S13&"; ","")&IF(M13="Belum ada data",T13&"; ","")&IF(N13="Belum ada data",U13&"; ","")&IF(O13="Belum ada data",V13&"; ","")&IF(P13="Belum ada data",W13&"; ","")&IF(K13="Cukup",R13&"; ","")&IF(L13="Cukup",S13&"; ","")&IF(M13="Cukup",T13&"; ","")&IF(N13="Cukup",U13&"; ","")&IF(O13="Cukup",V13&"; ","")&IF(P13="Cukup",W13&"; ","")) | Y13: =IF($A13="","",IF(K13="Nyaman","prosesor, ","")&IF(L13="Nyaman","grafis, ","")&IF(M13="Nyaman","RAM, ","")&IF(N13="Nyaman","penyimpanan, ","")&IF(O13="Nyaman","layar, ","")&IF(P13="Nyaman","refresh rate, ","")) -> prosesor, grafis, RAM, penyimpanan, | Z13: =IF($A13="","",IF(Q13="Tidak dinilai","Belum ada kriteria yang dinilai untuk kebutuhan ini.",IF(Q13="Cocok","Semua kriteria yang dinilai sudah nyaman: "&LEFT(Y13,LEN(Y13)-2)&".",UPPER(LEFT(X13,1))&MID(X13,2,LEN(X13)-3)&"."&IF(Y13="",""," Sudah nyaman: "&LEFT(Y13,LEN(Y13)-2)&".")))) -> Semua kriteria yang dinilai sudah nyaman: prosesor, grafis, RAM, penyimpanan.
A14: =IF(Varian!$A6="","",Varian!$A6) -> hp-pavilion-x360-14-ek1005tu-i5-1335u-16-512 | B14: =IF($A14="","",Aturan!$A$25) -> Game berat | C14: =IF($A14="","",IFERROR(IF(ISNUMBER(INDEX(CPU!$J$4:$J$64,MATCH(Varian!$J6,CPU!$A$4:$A$64,0))),INDEX(CPU!$J$4:$J$64,MATCH(Varian!$J6,CPU!$A$4:$A$64,0)),""),"")) -> 3 | D14: =IF($A14="","",IFERROR(IF(ISNUMBER(INDEX(GPU!$G$4:$G$64,MATCH(Varian!$K6,GPU!$A$4:$A$64,0))),INDEX(GPU!$G$4:$G$64,MATCH(Varian!$K6,GPU!$A$4:$A$64,0)),""),"")) -> 2 | E14: =IF($A14="","",IF(ISNUMBER(Varian!$M6),Varian!$M6,"")) -> 16 | F14: =IF($A14="","",IF(ISNUMBER(Varian!$V6),Varian!$V6,"")) -> 512 | G14: =IF($A14="","",IFERROR(INDEX(Aturan!$B$63:$B$66,MATCH(Varian!$AG6,Aturan!$A$63:$A$66,0)),"")) -> 3 | H14: =IF($A14="","",IF(ISNUMBER(Varian!$AI6),Varian!$AI6,"")) | I14: =IF($A14="","",IF(Varian!$Q6="disolder","menempel di papan utama, tidak bisa ditambah",IF(OR(Varian!$Q6="slot",Varian!$Q6="setengah_disolder"),IF(Varian!$Q6="setengah_disolder","sebagian menempel, ","")&IF(ISNUMBER(Varian!$U6),IF(AND(ISNUMBER(Varian!$M6),Varian!$U6>Varian!$M6),"bisa dinaikkan lewat slot sampai "&Varian!$U6&" GB","sudah di batas maksimal "&Varian!$U6&" GB"),"ada slot, batas maksimalnya belum diketahui"),"belum diketahui apakah bisa ditambah"))) -> menempel di papan utama, tidak bisa ditambah | J14: =IF($A14="","",IF(Varian!$Z6="ya","bisa diganti dengan yang lebih besar",IF(Varian!$Z6="tidak","menempel, tidak bisa diganti","belum diketahui apakah bisa diganti"))) -> bisa diganti dengan yang lebih besar | K14: =IF($A14="","",IF(AND(Aturan!$C$54="",Aturan!$D$54=""),"Tidak dinilai",IF(C14="","Belum ada data",IF(C14<IF(Aturan!$C$54="",0,Aturan!$C$54),"Kurang",IF(C14>=IF(Aturan!$D$54="",Aturan!$C$54,Aturan!$D$54),"Nyaman","Cukup"))))) -> Cukup | L14: =IF($A14="","",IF(AND(Aturan!$C$55="",Aturan!$D$55=""),"Tidak dinilai",IF(D14="","Belum ada data",IF(D14<IF(Aturan!$C$55="",0,Aturan!$C$55),"Kurang",IF(D14>=IF(Aturan!$D$55="",Aturan!$C$55,Aturan!$D$55),"Nyaman","Cukup"))))) -> Kurang | M14: =IF($A14="","",IF(AND(Aturan!$C$56="",Aturan!$D$56=""),"Tidak dinilai",IF(E14="","Belum ada data",IF(E14<IF(Aturan!$C$56="",0,Aturan!$C$56),"Kurang",IF(E14>=IF(Aturan!$D$56="",Aturan!$C$56,Aturan!$D$56),"Nyaman","Cukup"))))) -> Nyaman | N14: =IF($A14="","",IF(AND(Aturan!$C$57="",Aturan!$D$57=""),"Tidak dinilai",IF(F14="","Belum ada data",IF(F14<IF(Aturan!$C$57="",0,Aturan!$C$57),"Kurang",IF(F14>=IF(Aturan!$D$57="",Aturan!$C$57,Aturan!$D$57),"Nyaman","Cukup"))))) -> Cukup | O14: =IF($A14="","",IF(AND(Aturan!$C$58="",Aturan!$D$58=""),"Tidak dinilai",IF(G14="","Belum ada data",IF(G14<IF(Aturan!$C$58="",0,Aturan!$C$58),"Kurang",IF(G14>=IF(Aturan!$D$58="",Aturan!$C$58,Aturan!$D$58),"Nyaman","Cukup"))))) -> Tidak dinilai | P14: =IF($A14="","",IF(AND(Aturan!$C$59="",Aturan!$D$59=""),"Tidak dinilai",IF(H14="","Belum ada data",IF(H14<IF(Aturan!$C$59="",0,Aturan!$C$59),"Kurang",IF(H14>=IF(Aturan!$D$59="",Aturan!$C$59,Aturan!$D$59),"Nyaman","Cukup"))))) -> Belum ada data | Q14: =IF($A14="","",IF(COUNTIF(K14:P14,"Tidak dinilai")=6,"Tidak dinilai",IF(COUNTIF(K14:P14,"Kurang")>0,"Kurang cocok",IF(COUNTIF(K14:P14,"Belum ada data")>0,"Data belum lengkap",IF(COUNTIF(K14:P14,"Cukup")>0,"Bisa, dengan catatan","Cocok"))))) -> Kurang cocok | R14: =IF($A14="","",IF(K14="Kurang","prosesor tingkat "&C14&" dari 5, di bawah batas minimal (tingkat "&Aturan!$C$54&")",IF(K14="Cukup","prosesor tingkat "&C14&" dari 5 cukup, nyamannya mulai tingkat "&Aturan!$D$54,IF(K14="Belum ada data","tingkat prosesor belum diisi","")))) -> prosesor tingkat 3 dari 5 cukup, nyamannya mulai tingkat 4 | S14: =IF($A14="","",IF(L14="Kurang","grafis tingkat "&D14&" dari 5, di bawah batas minimal (tingkat "&Aturan!$C$55&")",IF(L14="Cukup","grafis tingkat "&D14&" dari 5 cukup, nyamannya mulai tingkat "&Aturan!$D$55,IF(L14="Belum ada data","tingkat grafis belum diisi","")))) -> grafis tingkat 2 dari 5, di bawah batas minimal (tingkat 3) | T14: =IF($A14="","",IF(M14="Kurang","RAM "&E14&" GB, di bawah batas minimal "&Aturan!$C$56&" GB ("&I14&")",IF(M14="Cukup","RAM "&E14&" GB cukup, nyamannya "&Aturan!$D$56&" GB atau lebih ("&I14&")",IF(M14="Belum ada data","ukuran RAM belum diisi","")))) | U14: =IF($A14="","",IF(N14="Kurang","penyimpanan "&F14&" GB, di bawah batas minimal "&Aturan!$C$57&" GB ("&J14&")",IF(N14="Cukup","penyimpanan "&F14&" GB cukup, nyamannya "&Aturan!$D$57&" GB atau lebih ("&J14&")",IF(N14="Belum ada data","ukuran penyimpanan belum diisi","")))) -> penyimpanan 512 GB cukup, nyamannya 1000 GB atau lebih (bisa diganti dengan yang lebih besar) | V14: =IF($A14="","",IF(O14="Kurang","layar "&Varian!$AG6&", di bawah batas minimal ("&IFERROR(INDEX(Aturan!$A$63:$A$66,MATCH(Aturan!$C$58,Aturan!$B$63:$B$66,0)),"peringkat "&Aturan!$C$58)&")",IF(O14="Cukup","layar "&Varian!$AG6&" cukup, nyamannya "&IFERROR(INDEX(Aturan!$A$63:$A$66,MATCH(Aturan!$D$58,Aturan!$B$63:$B$66,0)),"peringkat "&Aturan!$D$58),IF(O14="Belum ada data","jenis layar belum diketahui","")))) | W14: =IF($A14="","",IF(P14="Kurang","layar "&H14&" Hz, di bawah batas minimal "&Aturan!$C$59&" Hz",IF(P14="Cukup","layar "&H14&" Hz cukup, nyamannya "&Aturan!$D$59&" Hz atau lebih",IF(P14="Belum ada data","refresh rate belum diketahui","")))) -> refresh rate belum diketahui | X14: =IF($A14="","",IF(K14="Kurang",R14&"; ","")&IF(L14="Kurang",S14&"; ","")&IF(M14="Kurang",T14&"; ","")&IF(N14="Kurang",U14&"; ","")&IF(O14="Kurang",V14&"; ","")&IF(P14="Kurang",W14&"; ","")&IF(K14="Belum ada data",R14&"; ","")&IF(L14="Belum ada data",S14&"; ","")&IF(M14="Belum ada data",T14&"; ","")&IF(N14="Belum ada data",U14&"; ","")&IF(O14="Belum ada data",V14&"; ","")&IF(P14="Belum ada data",W14&"; ","")&IF(K14="Cukup",R14&"; ","")&IF(L14="Cukup",S14&"; ","")&IF(M14="Cukup",T14&"; ","")&IF(N14="Cukup",U14&"; ","")&IF(O14="Cukup",V14&"; ","")&IF(P14="Cukup",W14&"; ","")) -> grafis tingkat 2 dari 5, di bawah batas minimal (tingkat 3); refresh rate belum diketahui; prosesor tingkat 3 dari 5 cukup, nyamannya mulai tingkat 4; penyimpanan 512 GB cukup, nyamannya 1000 GB atau lebih (bisa diganti dengan yang lebih besar); | Y14: =IF($A14="","",IF(K14="Nyaman","prosesor, ","")&IF(L14="Nyaman","grafis, ","")&IF(M14="Nyaman","RAM, ","")&IF(N14="Nyaman","penyimpanan, ","")&IF(O14="Nyaman","layar, ","")&IF(P14="Nyaman","refresh rate, ","")) -> RAM, | Z14: =IF($A14="","",IF(Q14="Tidak dinilai","Belum ada kriteria yang dinilai untuk kebutuhan ini.",IF(Q14="Cocok","Semua kriteria yang dinilai sudah nyaman: "&LEFT(Y14,LEN(Y14)-2)&".",UPPER(LEFT(X14,1))&MID(X14,2,LEN(X14)-3)&"."&IF(Y14="",""," Sudah nyaman: "&LEFT(Y14,LEN(Y14)-2)&".")))) -> Grafis tingkat 2 dari 5, di bawah batas minimal (tingkat 3); refresh rate belum diketahui; prosesor tingkat 3 dari 5 cukup, nyamannya mulai tingkat 4; penyimpanan 512 GB cukup, nyamannya 1000 GB atau lebih (bisa diganti dengan yang lebih besar). Sudah nyaman: RAM.
A15: =IF(Varian!$A7="","",Varian!$A7) -> axioo-hype-10-n4020-8-256-w11 | B15: =IF($A15="","",Aturan!$A$21) -> Kuliah dan kantor | C15: =IF($A15="","",IFERROR(IF(ISNUMBER(INDEX(CPU!$J$4:$J$64,MATCH(Varian!$J7,CPU!$A$4:$A$64,0))),INDEX(CPU!$J$4:$J$64,MATCH(Varian!$J7,CPU!$A$4:$A$64,0)),""),"")) -> 1 | D15: =IF($A15="","",IFERROR(IF(ISNUMBER(INDEX(GPU!$G$4:$G$64,MATCH(Varian!$K7,GPU!$A$4:$A$64,0))),INDEX(GPU!$G$4:$G$64,MATCH(Varian!$K7,GPU!$A$4:$A$64,0)),""),"")) -> 1 | E15: =IF($A15="","",IF(ISNUMBER(Varian!$M7),Varian!$M7,"")) -> 8 | F15: =IF($A15="","",IF(ISNUMBER(Varian!$V7),Varian!$V7,"")) -> 256 | G15: =IF($A15="","",IFERROR(INDEX(Aturan!$B$63:$B$66,MATCH(Varian!$AG7,Aturan!$A$63:$A$66,0)),"")) -> 1 | H15: =IF($A15="","",IF(ISNUMBER(Varian!$AI7),Varian!$AI7,"")) -> 60 | I15: =IF($A15="","",IF(Varian!$Q7="disolder","menempel di papan utama, tidak bisa ditambah",IF(OR(Varian!$Q7="slot",Varian!$Q7="setengah_disolder"),IF(Varian!$Q7="setengah_disolder","sebagian menempel, ","")&IF(ISNUMBER(Varian!$U7),IF(AND(ISNUMBER(Varian!$M7),Varian!$U7>Varian!$M7),"bisa dinaikkan lewat slot sampai "&Varian!$U7&" GB","sudah di batas maksimal "&Varian!$U7&" GB"),"ada slot, batas maksimalnya belum diketahui"),"belum diketahui apakah bisa ditambah"))) -> sudah di batas maksimal 8 GB | J15: =IF($A15="","",IF(Varian!$Z7="ya","bisa diganti dengan yang lebih besar",IF(Varian!$Z7="tidak","menempel, tidak bisa diganti","belum diketahui apakah bisa diganti"))) -> bisa diganti dengan yang lebih besar | K15: =IF($A15="","",IF(AND(Aturan!$C$30="",Aturan!$D$30=""),"Tidak dinilai",IF(C15="","Belum ada data",IF(C15<IF(Aturan!$C$30="",0,Aturan!$C$30),"Kurang",IF(C15>=IF(Aturan!$D$30="",Aturan!$C$30,Aturan!$D$30),"Nyaman","Cukup"))))) -> Cukup | L15: =IF($A15="","",IF(AND(Aturan!$C$31="",Aturan!$D$31=""),"Tidak dinilai",IF(D15="","Belum ada data",IF(D15<IF(Aturan!$C$31="",0,Aturan!$C$31),"Kurang",IF(D15>=IF(Aturan!$D$31="",Aturan!$C$31,Aturan!$D$31),"Nyaman","Cukup"))))) -> Tidak dinilai | M15: =IF($A15="","",IF(AND(Aturan!$C$32="",Aturan!$D$32=""),"Tidak dinilai",IF(E15="","Belum ada data",IF(E15<IF(Aturan!$C$32="",0,Aturan!$C$32),"Kurang",IF(E15>=IF(Aturan!$D$32="",Aturan!$C$32,Aturan!$D$32),"Nyaman","Cukup"))))) -> Nyaman | N15: =IF($A15="","",IF(AND(Aturan!$C$33="",Aturan!$D$33=""),"Tidak dinilai",IF(F15="","Belum ada data",IF(F15<IF(Aturan!$C$33="",0,Aturan!$C$33),"Kurang",IF(F15>=IF(Aturan!$D$33="",Aturan!$C$33,Aturan!$D$33),"Nyaman","Cukup"))))) -> Nyaman | O15: =IF($A15="","",IF(AND(Aturan!$C$34="",Aturan!$D$34=""),"Tidak dinilai",IF(G15="","Belum ada data",IF(G15<IF(Aturan!$C$34="",0,Aturan!$C$34),"Kurang",IF(G15>=IF(Aturan!$D$34="",Aturan!$C$34,Aturan!$D$34),"Nyaman","Cukup"))))) -> Tidak dinilai | P15: =IF($A15="","",IF(AND(Aturan!$C$35="",Aturan!$D$35=""),"Tidak dinilai",IF(H15="","Belum ada data",IF(H15<IF(Aturan!$C$35="",0,Aturan!$C$35),"Kurang",IF(H15>=IF(Aturan!$D$35="",Aturan!$C$35,Aturan!$D$35),"Nyaman","Cukup"))))) -> Tidak dinilai | Q15: =IF($A15="","",IF(COUNTIF(K15:P15,"Tidak dinilai")=6,"Tidak dinilai",IF(COUNTIF(K15:P15,"Kurang")>0,"Kurang cocok",IF(COUNTIF(K15:P15,"Belum ada data")>0,"Data belum lengkap",IF(COUNTIF(K15:P15,"Cukup")>0,"Bisa, dengan catatan","Cocok"))))) -> Bisa, dengan catatan | R15: =IF($A15="","",IF(K15="Kurang","prosesor tingkat "&C15&" dari 5, di bawah batas minimal (tingkat "&Aturan!$C$30&")",IF(K15="Cukup","prosesor tingkat "&C15&" dari 5 cukup, nyamannya mulai tingkat "&Aturan!$D$30,IF(K15="Belum ada data","tingkat prosesor belum diisi","")))) -> prosesor tingkat 1 dari 5 cukup, nyamannya mulai tingkat 2 | S15: =IF($A15="","",IF(L15="Kurang","grafis tingkat "&D15&" dari 5, di bawah batas minimal (tingkat "&Aturan!$C$31&")",IF(L15="Cukup","grafis tingkat "&D15&" dari 5 cukup, nyamannya mulai tingkat "&Aturan!$D$31,IF(L15="Belum ada data","tingkat grafis belum diisi","")))) | T15: =IF($A15="","",IF(M15="Kurang","RAM "&E15&" GB, di bawah batas minimal "&Aturan!$C$32&" GB ("&I15&")",IF(M15="Cukup","RAM "&E15&" GB cukup, nyamannya "&Aturan!$D$32&" GB atau lebih ("&I15&")",IF(M15="Belum ada data","ukuran RAM belum diisi","")))) | U15: =IF($A15="","",IF(N15="Kurang","penyimpanan "&F15&" GB, di bawah batas minimal "&Aturan!$C$33&" GB ("&J15&")",IF(N15="Cukup","penyimpanan "&F15&" GB cukup, nyamannya "&Aturan!$D$33&" GB atau lebih ("&J15&")",IF(N15="Belum ada data","ukuran penyimpanan belum diisi","")))) | V15: =IF($A15="","",IF(O15="Kurang","layar "&Varian!$AG7&", di bawah batas minimal ("&IFERROR(INDEX(Aturan!$A$63:$A$66,MATCH(Aturan!$C$34,Aturan!$B$63:$B$66,0)),"peringkat "&Aturan!$C$34)&")",IF(O15="Cukup","layar "&Varian!$AG7&" cukup, nyamannya "&IFERROR(INDEX(Aturan!$A$63:$A$66,MATCH(Aturan!$D$34,Aturan!$B$63:$B$66,0)),"peringkat "&Aturan!$D$34),IF(O15="Belum ada data","jenis layar belum diketahui","")))) | W15: =IF($A15="","",IF(P15="Kurang","layar "&H15&" Hz, di bawah batas minimal "&Aturan!$C$35&" Hz",IF(P15="Cukup","layar "&H15&" Hz cukup, nyamannya "&Aturan!$D$35&" Hz atau lebih",IF(P15="Belum ada data","refresh rate belum diketahui","")))) | X15: =IF($A15="","",IF(K15="Kurang",R15&"; ","")&IF(L15="Kurang",S15&"; ","")&IF(M15="Kurang",T15&"; ","")&IF(N15="Kurang",U15&"; ","")&IF(O15="Kurang",V15&"; ","")&IF(P15="Kurang",W15&"; ","")&IF(K15="Belum ada data",R15&"; ","")&IF(L15="Belum ada data",S15&"; ","")&IF(M15="Belum ada data",T15&"; ","")&IF(N15="Belum ada data",U15&"; ","")&IF(O15="Belum ada data",V15&"; ","")&IF(P15="Belum ada data",W15&"; ","")&IF(K15="Cukup",R15&"; ","")&IF(L15="Cukup",S15&"; ","")&IF(M15="Cukup",T15&"; ","")&IF(N15="Cukup",U15&"; ","")&IF(O15="Cukup",V15&"; ","")&IF(P15="Cukup",W15&"; ","")) -> prosesor tingkat 1 dari 5 cukup, nyamannya mulai tingkat 2; | Y15: =IF($A15="","",IF(K15="Nyaman","prosesor, ","")&IF(L15="Nyaman","grafis, ","")&IF(M15="Nyaman","RAM, ","")&IF(N15="Nyaman","penyimpanan, ","")&IF(O15="Nyaman","layar, ","")&IF(P15="Nyaman","refresh rate, ","")) -> RAM, penyimpanan, | Z15: =IF($A15="","",IF(Q15="Tidak dinilai","Belum ada kriteria yang dinilai untuk kebutuhan ini.",IF(Q15="Cocok","Semua kriteria yang dinilai sudah nyaman: "&LEFT(Y15,LEN(Y15)-2)&".",UPPER(LEFT(X15,1))&MID(X15,2,LEN(X15)-3)&"."&IF(Y15="",""," Sudah nyaman: "&LEFT(Y15,LEN(Y15)-2)&".")))) -> Prosesor tingkat 1 dari 5 cukup, nyamannya mulai tingkat 2. Sudah nyaman: RAM, penyimpanan. | AA15: =IF($A15="","",IF(Varian!$AR7="Windows 10","• "&Aturan!$E$71&CHAR(10),"")&IF(Varian!$BB7="tidak","• "&Aturan!$E$72&CHAR(10),"")&IF(OR(Varian!$AD7="belum terverifikasi",Varian!$AD7="tidak diketahui"),"• "&Aturan!$E$73&CHAR(10),"")&IF(Varian!$AH7="1366x768","• "&Aturan!$E$74&CHAR(10),"")&IF(Varian!$AG7="TN","• "&Aturan!$E$75&CHAR(10),"")&IF(AND(Varian!$Q7="disolder",ISNUMBER(Varian!$M7),Varian!$M7<=8),"• "&Aturan!$E$76&CHAR(10),"")) -> • Info RAM dan penyimpanan (bisa diganti atau tidak) belum terverifikasi. Periksa lagi sebelum membeli. • Layar beresolusi rendah (1366x768): ruang kerja sempit dan tulisan kurang tajam. • Panel TN: warna cenderung pucat dan sudut pandang sempit. | AB15: =IF($A15="","",IF(AA15="","",LEFT(AA15,LEN(AA15)-1))) -> • Info RAM dan penyimpanan (bisa diganti atau tidak) belum terverifikasi. Periksa lagi sebelum membeli. • Layar beresolusi rendah (1366x768): ruang kerja sempit dan tulisan kurang tajam. • Panel TN: warna cenderung pucat dan sudut pandang sempit. | AC15: =IF($A15="","",IF(AA15="",0,LEN(AA15)-LEN(SUBSTITUTE(AA15,CHAR(10),"")))) -> 3
A16: =IF(Varian!$A7="","",Varian!$A7) -> axioo-hype-10-n4020-8-256-w11 | B16: =IF($A16="","",Aturan!$A$22) -> Desain grafis | C16: =IF($A16="","",IFERROR(IF(ISNUMBER(INDEX(CPU!$J$4:$J$64,MATCH(Varian!$J7,CPU!$A$4:$A$64,0))),INDEX(CPU!$J$4:$J$64,MATCH(Varian!$J7,CPU!$A$4:$A$64,0)),""),"")) -> 1 | D16: =IF($A16="","",IFERROR(IF(ISNUMBER(INDEX(GPU!$G$4:$G$64,MATCH(Varian!$K7,GPU!$A$4:$A$64,0))),INDEX(GPU!$G$4:$G$64,MATCH(Varian!$K7,GPU!$A$4:$A$64,0)),""),"")) -> 1 | E16: =IF($A16="","",IF(ISNUMBER(Varian!$M7),Varian!$M7,"")) -> 8 | F16: =IF($A16="","",IF(ISNUMBER(Varian!$V7),Varian!$V7,"")) -> 256 | G16: =IF($A16="","",IFERROR(INDEX(Aturan!$B$63:$B$66,MATCH(Varian!$AG7,Aturan!$A$63:$A$66,0)),"")) -> 1 | H16: =IF($A16="","",IF(ISNUMBER(Varian!$AI7),Varian!$AI7,"")) -> 60 | I16: =IF($A16="","",IF(Varian!$Q7="disolder","menempel di papan utama, tidak bisa ditambah",IF(OR(Varian!$Q7="slot",Varian!$Q7="setengah_disolder"),IF(Varian!$Q7="setengah_disolder","sebagian menempel, ","")&IF(ISNUMBER(Varian!$U7),IF(AND(ISNUMBER(Varian!$M7),Varian!$U7>Varian!$M7),"bisa dinaikkan lewat slot sampai "&Varian!$U7&" GB","sudah di batas maksimal "&Varian!$U7&" GB"),"ada slot, batas maksimalnya belum diketahui"),"belum diketahui apakah bisa ditambah"))) -> sudah di batas maksimal 8 GB | J16: =IF($A16="","",IF(Varian!$Z7="ya","bisa diganti dengan yang lebih besar",IF(Varian!$Z7="tidak","menempel, tidak bisa diganti","belum diketahui apakah bisa diganti"))) -> bisa diganti dengan yang lebih besar | K16: =IF($A16="","",IF(AND(Aturan!$C$36="",Aturan!$D$36=""),"Tidak dinilai",IF(C16="","Belum ada data",IF(C16<IF(Aturan!$C$36="",0,Aturan!$C$36),"Kurang",IF(C16>=IF(Aturan!$D$36="",Aturan!$C$36,Aturan!$D$36),"Nyaman","Cukup"))))) -> Kurang | L16: =IF($A16="","",IF(AND(Aturan!$C$37="",Aturan!$D$37=""),"Tidak dinilai",IF(D16="","Belum ada data",IF(D16<IF(Aturan!$C$37="",0,Aturan!$C$37),"Kurang",IF(D16>=IF(Aturan!$D$37="",Aturan!$C$37,Aturan!$D$37),"Nyaman","Cukup"))))) -> Cukup | M16: =IF($A16="","",IF(AND(Aturan!$C$38="",Aturan!$D$38=""),"Tidak dinilai",IF(E16="","Belum ada data",IF(E16<IF(Aturan!$C$38="",0,Aturan!$C$38),"Kurang",IF(E16>=IF(Aturan!$D$38="",Aturan!$C$38,Aturan!$D$38),"Nyaman","Cukup"))))) -> Cukup | N16: =IF($A16="","",IF(AND(Aturan!$C$39="",Aturan!$D$39=""),"Tidak dinilai",IF(F16="","Belum ada data",IF(F16<IF(Aturan!$C$39="",0,Aturan!$C$39),"Kurang",IF(F16>=IF(Aturan!$D$39="",Aturan!$C$39,Aturan!$D$39),"Nyaman","Cukup"))))) -> Cukup | O16: =IF($A16="","",IF(AND(Aturan!$C$40="",Aturan!$D$40=""),"Tidak dinilai",IF(G16="","Belum ada data",IF(G16<IF(Aturan!$C$40="",0,Aturan!$C$40),"Kurang",IF(G16>=IF(Aturan!$D$40="",Aturan!$C$40,Aturan!$D$40),"Nyaman","Cukup"))))) -> Kurang | P16: =IF($A16="","",IF(AND(Aturan!$C$41="",Aturan!$D$41=""),"Tidak dinilai",IF(H16="","Belum ada data",IF(H16<IF(Aturan!$C$41="",0,Aturan!$C$41),"Kurang",IF(H16>=IF(Aturan!$D$41="",Aturan!$C$41,Aturan!$D$41),"Nyaman","Cukup"))))) -> Tidak dinilai | Q16: =IF($A16="","",IF(COUNTIF(K16:P16,"Tidak dinilai")=6,"Tidak dinilai",IF(COUNTIF(K16:P16,"Kurang")>0,"Kurang cocok",IF(COUNTIF(K16:P16,"Belum ada data")>0,"Data belum lengkap",IF(COUNTIF(K16:P16,"Cukup")>0,"Bisa, dengan catatan","Cocok"))))) -> Kurang cocok | R16: =IF($A16="","",IF(K16="Kurang","prosesor tingkat "&C16&" dari 5, di bawah batas minimal (tingkat "&Aturan!$C$36&")",IF(K16="Cukup","prosesor tingkat "&C16&" dari 5 cukup, nyamannya mulai tingkat "&Aturan!$D$36,IF(K16="Belum ada data","tingkat prosesor belum diisi","")))) -> prosesor tingkat 1 dari 5, di bawah batas minimal (tingkat 2) | S16: =IF($A16="","",IF(L16="Kurang","grafis tingkat "&D16&" dari 5, di bawah batas minimal (tingkat "&Aturan!$C$37&")",IF(L16="Cukup","grafis tingkat "&D16&" dari 5 cukup, nyamannya mulai tingkat "&Aturan!$D$37,IF(L16="Belum ada data","tingkat grafis belum diisi","")))) -> grafis tingkat 1 dari 5 cukup, nyamannya mulai tingkat 2 | T16: =IF($A16="","",IF(M16="Kurang","RAM "&E16&" GB, di bawah batas minimal "&Aturan!$C$38&" GB ("&I16&")",IF(M16="Cukup","RAM "&E16&" GB cukup, nyamannya "&Aturan!$D$38&" GB atau lebih ("&I16&")",IF(M16="Belum ada data","ukuran RAM belum diisi","")))) -> RAM 8 GB cukup, nyamannya 16 GB atau lebih (sudah di batas maksimal 8 GB) | U16: =IF($A16="","",IF(N16="Kurang","penyimpanan "&F16&" GB, di bawah batas minimal "&Aturan!$C$39&" GB ("&J16&")",IF(N16="Cukup","penyimpanan "&F16&" GB cukup, nyamannya "&Aturan!$D$39&" GB atau lebih ("&J16&")",IF(N16="Belum ada data","ukuran penyimpanan belum diisi","")))) -> penyimpanan 256 GB cukup, nyamannya 512 GB atau lebih (bisa diganti dengan yang lebih besar) | V16: =IF($A16="","",IF(O16="Kurang","layar "&Varian!$AG7&", di bawah batas minimal ("&IFERROR(INDEX(Aturan!$A$63:$A$66,MATCH(Aturan!$C$40,Aturan!$B$63:$B$66,0)),"peringkat "&Aturan!$C$40)&")",IF(O16="Cukup","layar "&Varian!$AG7&" cukup, nyamannya "&IFERROR(INDEX(Aturan!$A$63:$A$66,MATCH(Aturan!$D$40,Aturan!$B$63:$B$66,0)),"peringkat "&Aturan!$D$40),IF(O16="Belum ada data","jenis layar belum diketahui","")))) -> layar TN, di bawah batas minimal (IPS) | W16: =IF($A16="","",IF(P16="Kurang","layar "&H16&" Hz, di bawah batas minimal "&Aturan!$C$41&" Hz",IF(P16="Cukup","layar "&H16&" Hz cukup, nyamannya "&Aturan!$D$41&" Hz atau lebih",IF(P16="Belum ada data","refresh rate belum diketahui","")))) | X16: =IF($A16="","",IF(K16="Kurang",R16&"; ","")&IF(L16="Kurang",S16&"; ","")&IF(M16="Kurang",T16&"; ","")&IF(N16="Kurang",U16&"; ","")&IF(O16="Kurang",V16&"; ","")&IF(P16="Kurang",W16&"; ","")&IF(K16="Belum ada data",R16&"; ","")&IF(L16="Belum ada data",S16&"; ","")&IF(M16="Belum ada data",T16&"; ","")&IF(N16="Belum ada data",U16&"; ","")&IF(O16="Belum ada data",V16&"; ","")&IF(P16="Belum ada data",W16&"; ","")&IF(K16="Cukup",R16&"; ","")&IF(L16="Cukup",S16&"; ","")&IF(M16="Cukup",T16&"; ","")&IF(N16="Cukup",U16&"; ","")&IF(O16="Cukup",V16&"; ","")&IF(P16="Cukup",W16&"; ","")) -> prosesor tingkat 1 dari 5, di bawah batas minimal (tingkat 2); layar TN, di bawah batas minimal (IPS); grafis tingkat 1 dari 5 cukup, nyamannya mulai tingkat 2; RAM 8 GB cukup, nyamannya 16 GB atau lebih (sudah di batas maksimal 8 GB); penyimpanan 256 GB cukup, nyamannya 512 GB atau lebih (bisa diganti dengan yang lebih besar); | Y16: =IF($A16="","",IF(K16="Nyaman","prosesor, ","")&IF(L16="Nyaman","grafis, ","")&IF(M16="Nyaman","RAM, ","")&IF(N16="Nyaman","penyimpanan, ","")&IF(O16="Nyaman","layar, ","")&IF(P16="Nyaman","refresh rate, ","")) | Z16: =IF($A16="","",IF(Q16="Tidak dinilai","Belum ada kriteria yang dinilai untuk kebutuhan ini.",IF(Q16="Cocok","Semua kriteria yang dinilai sudah nyaman: "&LEFT(Y16,LEN(Y16)-2)&".",UPPER(LEFT(X16,1))&MID(X16,2,LEN(X16)-3)&"."&IF(Y16="",""," Sudah nyaman: "&LEFT(Y16,LEN(Y16)-2)&".")))) -> Prosesor tingkat 1 dari 5, di bawah batas minimal (tingkat 2); layar TN, di bawah batas minimal (IPS); grafis tingkat 1 dari 5 cukup, nyamannya mulai tingkat 2; RAM 8 GB cukup, nyamannya 16 GB atau lebih (sudah di batas maksimal 8 GB); penyimpanan 256 GB cukup, nyamannya 512 GB atau lebih (bisa diganti dengan yang lebih besar).
A17: =IF(Varian!$A7="","",Varian!$A7) -> axioo-hype-10-n4020-8-256-w11 | B17: =IF($A17="","",Aturan!$A$23) -> Pemrograman | C17: =IF($A17="","",IFERROR(IF(ISNUMBER(INDEX(CPU!$J$4:$J$64,MATCH(Varian!$J7,CPU!$A$4:$A$64,0))),INDEX(CPU!$J$4:$J$64,MATCH(Varian!$J7,CPU!$A$4:$A$64,0)),""),"")) -> 1 | D17: =IF($A17="","",IFERROR(IF(ISNUMBER(INDEX(GPU!$G$4:$G$64,MATCH(Varian!$K7,GPU!$A$4:$A$64,0))),INDEX(GPU!$G$4:$G$64,MATCH(Varian!$K7,GPU!$A$4:$A$64,0)),""),"")) -> 1 | E17: =IF($A17="","",IF(ISNUMBER(Varian!$M7),Varian!$M7,"")) -> 8 | F17: =IF($A17="","",IF(ISNUMBER(Varian!$V7),Varian!$V7,"")) -> 256 | G17: =IF($A17="","",IFERROR(INDEX(Aturan!$B$63:$B$66,MATCH(Varian!$AG7,Aturan!$A$63:$A$66,0)),"")) -> 1 | H17: =IF($A17="","",IF(ISNUMBER(Varian!$AI7),Varian!$AI7,"")) -> 60 | I17: =IF($A17="","",IF(Varian!$Q7="disolder","menempel di papan utama, tidak bisa ditambah",IF(OR(Varian!$Q7="slot",Varian!$Q7="setengah_disolder"),IF(Varian!$Q7="setengah_disolder","sebagian menempel, ","")&IF(ISNUMBER(Varian!$U7),IF(AND(ISNUMBER(Varian!$M7),Varian!$U7>Varian!$M7),"bisa dinaikkan lewat slot sampai "&Varian!$U7&" GB","sudah di batas maksimal "&Varian!$U7&" GB"),"ada slot, batas maksimalnya belum diketahui"),"belum diketahui apakah bisa ditambah"))) -> sudah di batas maksimal 8 GB | J17: =IF($A17="","",IF(Varian!$Z7="ya","bisa diganti dengan yang lebih besar",IF(Varian!$Z7="tidak","menempel, tidak bisa diganti","belum diketahui apakah bisa diganti"))) -> bisa diganti dengan yang lebih besar | K17: =IF($A17="","",IF(AND(Aturan!$C$42="",Aturan!$D$42=""),"Tidak dinilai",IF(C17="","Belum ada data",IF(C17<IF(Aturan!$C$42="",0,Aturan!$C$42),"Kurang",IF(C17>=IF(Aturan!$D$42="",Aturan!$C$42,Aturan!$D$42),"Nyaman","Cukup"))))) -> Kurang | L17: =IF($A17="","",IF(AND(Aturan!$C$43="",Aturan!$D$43=""),"Tidak dinilai",IF(D17="","Belum ada data",IF(D17<IF(Aturan!$C$43="",0,Aturan!$C$43),"Kurang",IF(D17>=IF(Aturan!$D$43="",Aturan!$C$43,Aturan!$D$43),"Nyaman","Cukup"))))) -> Tidak dinilai | M17: =IF($A17="","",IF(AND(Aturan!$C$44="",Aturan!$D$44=""),"Tidak dinilai",IF(E17="","Belum ada data",IF(E17<IF(Aturan!$C$44="",0,Aturan!$C$44),"Kurang",IF(E17>=IF(Aturan!$D$44="",Aturan!$C$44,Aturan!$D$44),"Nyaman","Cukup"))))) -> Cukup | N17: =IF($A17="","",IF(AND(Aturan!$C$45="",Aturan!$D$45=""),"Tidak dinilai",IF(F17="","Belum ada data",IF(F17<IF(Aturan!$C$45="",0,Aturan!$C$45),"Kurang",IF(F17>=IF(Aturan!$D$45="",Aturan!$C$45,Aturan!$D$45),"Nyaman","Cukup"))))) -> Cukup | O17: =IF($A17="","",IF(AND(Aturan!$C$46="",Aturan!$D$46=""),"Tidak dinilai",IF(G17="","Belum ada data",IF(G17<IF(Aturan!$C$46="",0,Aturan!$C$46),"Kurang",IF(G17>=IF(Aturan!$D$46="",Aturan!$C$46,Aturan!$D$46),"Nyaman","Cukup"))))) -> Tidak dinilai | P17: =IF($A17="","",IF(AND(Aturan!$C$47="",Aturan!$D$47=""),"Tidak dinilai",IF(H17="","Belum ada data",IF(H17<IF(Aturan!$C$47="",0,Aturan!$C$47),"Kurang",IF(H17>=IF(Aturan!$D$47="",Aturan!$C$47,Aturan!$D$47),"Nyaman","Cukup"))))) -> Tidak dinilai | Q17: =IF($A17="","",IF(COUNTIF(K17:P17,"Tidak dinilai")=6,"Tidak dinilai",IF(COUNTIF(K17:P17,"Kurang")>0,"Kurang cocok",IF(COUNTIF(K17:P17,"Belum ada data")>0,"Data belum lengkap",IF(COUNTIF(K17:P17,"Cukup")>0,"Bisa, dengan catatan","Cocok"))))) -> Kurang cocok | R17: =IF($A17="","",IF(K17="Kurang","prosesor tingkat "&C17&" dari 5, di bawah batas minimal (tingkat "&Aturan!$C$42&")",IF(K17="Cukup","prosesor tingkat "&C17&" dari 5 cukup, nyamannya mulai tingkat "&Aturan!$D$42,IF(K17="Belum ada data","tingkat prosesor belum diisi","")))) -> prosesor tingkat 1 dari 5, di bawah batas minimal (tingkat 2) | S17: =IF($A17="","",IF(L17="Kurang","grafis tingkat "&D17&" dari 5, di bawah batas minimal (tingkat "&Aturan!$C$43&")",IF(L17="Cukup","grafis tingkat "&D17&" dari 5 cukup, nyamannya mulai tingkat "&Aturan!$D$43,IF(L17="Belum ada data","tingkat grafis belum diisi","")))) | T17: =IF($A17="","",IF(M17="Kurang","RAM "&E17&" GB, di bawah batas minimal "&Aturan!$C$44&" GB ("&I17&")",IF(M17="Cukup","RAM "&E17&" GB cukup, nyamannya "&Aturan!$D$44&" GB atau lebih ("&I17&")",IF(M17="Belum ada data","ukuran RAM belum diisi","")))) -> RAM 8 GB cukup, nyamannya 16 GB atau lebih (sudah di batas maksimal 8 GB) | U17: =IF($A17="","",IF(N17="Kurang","penyimpanan "&F17&" GB, di bawah batas minimal "&Aturan!$C$45&" GB ("&J17&")",IF(N17="Cukup","penyimpanan "&F17&" GB cukup, nyamannya "&Aturan!$D$45&" GB atau lebih ("&J17&")",IF(N17="Belum ada data","ukuran penyimpanan belum diisi","")))) -> penyimpanan 256 GB cukup, nyamannya 512 GB atau lebih (bisa diganti dengan yang lebih besar) | V17: =IF($A17="","",IF(O17="Kurang","layar "&Varian!$AG7&", di bawah batas minimal ("&IFERROR(INDEX(Aturan!$A$63:$A$66,MATCH(Aturan!$C$46,Aturan!$B$63:$B$66,0)),"peringkat "&Aturan!$C$46)&")",IF(O17="Cukup","layar "&Varian!$AG7&" cukup, nyamannya "&IFERROR(INDEX(Aturan!$A$63:$A$66,MATCH(Aturan!$D$46,Aturan!$B$63:$B$66,0)),"peringkat "&Aturan!$D$46),IF(O17="Belum ada data","jenis layar belum diketahui","")))) | W17: =IF($A17="","",IF(P17="Kurang","layar "&H17&" Hz, di bawah batas minimal "&Aturan!$C$47&" Hz",IF(P17="Cukup","layar "&H17&" Hz cukup, nyamannya "&Aturan!$D$47&" Hz atau lebih",IF(P17="Belum ada data","refresh rate belum diketahui","")))) | X17: =IF($A17="","",IF(K17="Kurang",R17&"; ","")&IF(L17="Kurang",S17&"; ","")&IF(M17="Kurang",T17&"; ","")&IF(N17="Kurang",U17&"; ","")&IF(O17="Kurang",V17&"; ","")&IF(P17="Kurang",W17&"; ","")&IF(K17="Belum ada data",R17&"; ","")&IF(L17="Belum ada data",S17&"; ","")&IF(M17="Belum ada data",T17&"; ","")&IF(N17="Belum ada data",U17&"; ","")&IF(O17="Belum ada data",V17&"; ","")&IF(P17="Belum ada data",W17&"; ","")&IF(K17="Cukup",R17&"; ","")&IF(L17="Cukup",S17&"; ","")&IF(M17="Cukup",T17&"; ","")&IF(N17="Cukup",U17&"; ","")&IF(O17="Cukup",V17&"; ","")&IF(P17="Cukup",W17&"; ","")) -> prosesor tingkat 1 dari 5, di bawah batas minimal (tingkat 2); RAM 8 GB cukup, nyamannya 16 GB atau lebih (sudah di batas maksimal 8 GB); penyimpanan 256 GB cukup, nyamannya 512 GB atau lebih (bisa diganti dengan yang lebih besar); | Y17: =IF($A17="","",IF(K17="Nyaman","prosesor, ","")&IF(L17="Nyaman","grafis, ","")&IF(M17="Nyaman","RAM, ","")&IF(N17="Nyaman","penyimpanan, ","")&IF(O17="Nyaman","layar, ","")&IF(P17="Nyaman","refresh rate, ","")) | Z17: =IF($A17="","",IF(Q17="Tidak dinilai","Belum ada kriteria yang dinilai untuk kebutuhan ini.",IF(Q17="Cocok","Semua kriteria yang dinilai sudah nyaman: "&LEFT(Y17,LEN(Y17)-2)&".",UPPER(LEFT(X17,1))&MID(X17,2,LEN(X17)-3)&"."&IF(Y17="",""," Sudah nyaman: "&LEFT(Y17,LEN(Y17)-2)&".")))) -> Prosesor tingkat 1 dari 5, di bawah batas minimal (tingkat 2); RAM 8 GB cukup, nyamannya 16 GB atau lebih (sudah di batas maksimal 8 GB); penyimpanan 256 GB cukup, nyamannya 512 GB atau lebih (bisa diganti dengan yang lebih besar).
A18: =IF(Varian!$A7="","",Varian!$A7) -> axioo-hype-10-n4020-8-256-w11 | B18: =IF($A18="","",Aturan!$A$24) -> Game ringan | C18: =IF($A18="","",IFERROR(IF(ISNUMBER(INDEX(CPU!$J$4:$J$64,MATCH(Varian!$J7,CPU!$A$4:$A$64,0))),INDEX(CPU!$J$4:$J$64,MATCH(Varian!$J7,CPU!$A$4:$A$64,0)),""),"")) -> 1 | D18: =IF($A18="","",IFERROR(IF(ISNUMBER(INDEX(GPU!$G$4:$G$64,MATCH(Varian!$K7,GPU!$A$4:$A$64,0))),INDEX(GPU!$G$4:$G$64,MATCH(Varian!$K7,GPU!$A$4:$A$64,0)),""),"")) -> 1 | E18: =IF($A18="","",IF(ISNUMBER(Varian!$M7),Varian!$M7,"")) -> 8 | F18: =IF($A18="","",IF(ISNUMBER(Varian!$V7),Varian!$V7,"")) -> 256 | G18: =IF($A18="","",IFERROR(INDEX(Aturan!$B$63:$B$66,MATCH(Varian!$AG7,Aturan!$A$63:$A$66,0)),"")) -> 1 | H18: =IF($A18="","",IF(ISNUMBER(Varian!$AI7),Varian!$AI7,"")) -> 60 | I18: =IF($A18="","",IF(Varian!$Q7="disolder","menempel di papan utama, tidak bisa ditambah",IF(OR(Varian!$Q7="slot",Varian!$Q7="setengah_disolder"),IF(Varian!$Q7="setengah_disolder","sebagian menempel, ","")&IF(ISNUMBER(Varian!$U7),IF(AND(ISNUMBER(Varian!$M7),Varian!$U7>Varian!$M7),"bisa dinaikkan lewat slot sampai "&Varian!$U7&" GB","sudah di batas maksimal "&Varian!$U7&" GB"),"ada slot, batas maksimalnya belum diketahui"),"belum diketahui apakah bisa ditambah"))) -> sudah di batas maksimal 8 GB | J18: =IF($A18="","",IF(Varian!$Z7="ya","bisa diganti dengan yang lebih besar",IF(Varian!$Z7="tidak","menempel, tidak bisa diganti","belum diketahui apakah bisa diganti"))) -> bisa diganti dengan yang lebih besar | K18: =IF($A18="","",IF(AND(Aturan!$C$48="",Aturan!$D$48=""),"Tidak dinilai",IF(C18="","Belum ada data",IF(C18<IF(Aturan!$C$48="",0,Aturan!$C$48),"Kurang",IF(C18>=IF(Aturan!$D$48="",Aturan!$C$48,Aturan!$D$48),"Nyaman","Cukup"))))) -> Kurang | L18: =IF($A18="","",IF(AND(Aturan!$C$49="",Aturan!$D$49=""),"Tidak dinilai",IF(D18="","Belum ada data",IF(D18<IF(Aturan!$C$49="",0,Aturan!$C$49),"Kurang",IF(D18>=IF(Aturan!$D$49="",Aturan!$C$49,Aturan!$D$49),"Nyaman","Cukup"))))) -> Cukup | M18: =IF($A18="","",IF(AND(Aturan!$C$50="",Aturan!$D$50=""),"Tidak dinilai",IF(E18="","Belum ada data",IF(E18<IF(Aturan!$C$50="",0,Aturan!$C$50),"Kurang",IF(E18>=IF(Aturan!$D$50="",Aturan!$C$50,Aturan!$D$50),"Nyaman","Cukup"))))) -> Nyaman | N18: =IF($A18="","",IF(AND(Aturan!$C$51="",Aturan!$D$51=""),"Tidak dinilai",IF(F18="","Belum ada data",IF(F18<IF(Aturan!$C$51="",0,Aturan!$C$51),"Kurang",IF(F18>=IF(Aturan!$D$51="",Aturan!$C$51,Aturan!$D$51),"Nyaman","Cukup"))))) -> Nyaman | O18: =IF($A18="","",IF(AND(Aturan!$C$52="",Aturan!$D$52=""),"Tidak dinilai",IF(G18="","Belum ada data",IF(G18<IF(Aturan!$C$52="",0,Aturan!$C$52),"Kurang",IF(G18>=IF(Aturan!$D$52="",Aturan!$C$52,Aturan!$D$52),"Nyaman","Cukup"))))) -> Tidak dinilai | P18: =IF($A18="","",IF(AND(Aturan!$C$53="",Aturan!$D$53=""),"Tidak dinilai",IF(H18="","Belum ada data",IF(H18<IF(Aturan!$C$53="",0,Aturan!$C$53),"Kurang",IF(H18>=IF(Aturan!$D$53="",Aturan!$C$53,Aturan!$D$53),"Nyaman","Cukup"))))) -> Tidak dinilai | Q18: =IF($A18="","",IF(COUNTIF(K18:P18,"Tidak dinilai")=6,"Tidak dinilai",IF(COUNTIF(K18:P18,"Kurang")>0,"Kurang cocok",IF(COUNTIF(K18:P18,"Belum ada data")>0,"Data belum lengkap",IF(COUNTIF(K18:P18,"Cukup")>0,"Bisa, dengan catatan","Cocok"))))) -> Kurang cocok | R18: =IF($A18="","",IF(K18="Kurang","prosesor tingkat "&C18&" dari 5, di bawah batas minimal (tingkat "&Aturan!$C$48&")",IF(K18="Cukup","prosesor tingkat "&C18&" dari 5 cukup, nyamannya mulai tingkat "&Aturan!$D$48,IF(K18="Belum ada data","tingkat prosesor belum diisi","")))) -> prosesor tingkat 1 dari 5, di bawah batas minimal (tingkat 2) | S18: =IF($A18="","",IF(L18="Kurang","grafis tingkat "&D18&" dari 5, di bawah batas minimal (tingkat "&Aturan!$C$49&")",IF(L18="Cukup","grafis tingkat "&D18&" dari 5 cukup, nyamannya mulai tingkat "&Aturan!$D$49,IF(L18="Belum ada data","tingkat grafis belum diisi","")))) -> grafis tingkat 1 dari 5 cukup, nyamannya mulai tingkat 2 | T18: =IF($A18="","",IF(M18="Kurang","RAM "&E18&" GB, di bawah batas minimal "&Aturan!$C$50&" GB ("&I18&")",IF(M18="Cukup","RAM "&E18&" GB cukup, nyamannya "&Aturan!$D$50&" GB atau lebih ("&I18&")",IF(M18="Belum ada data","ukuran RAM belum diisi","")))) | U18: =IF($A18="","",IF(N18="Kurang","penyimpanan "&F18&" GB, di bawah batas minimal "&Aturan!$C$51&" GB ("&J18&")",IF(N18="Cukup","penyimpanan "&F18&" GB cukup, nyamannya "&Aturan!$D$51&" GB atau lebih ("&J18&")",IF(N18="Belum ada data","ukuran penyimpanan belum diisi","")))) | V18: =IF($A18="","",IF(O18="Kurang","layar "&Varian!$AG7&", di bawah batas minimal ("&IFERROR(INDEX(Aturan!$A$63:$A$66,MATCH(Aturan!$C$52,Aturan!$B$63:$B$66,0)),"peringkat "&Aturan!$C$52)&")",IF(O18="Cukup","layar "&Varian!$AG7&" cukup, nyamannya "&IFERROR(INDEX(Aturan!$A$63:$A$66,MATCH(Aturan!$D$52,Aturan!$B$63:$B$66,0)),"peringkat "&Aturan!$D$52),IF(O18="Belum ada data","jenis layar belum diketahui","")))) | W18: =IF($A18="","",IF(P18="Kurang","layar "&H18&" Hz, di bawah batas minimal "&Aturan!$C$53&" Hz",IF(P18="Cukup","layar "&H18&" Hz cukup, nyamannya "&Aturan!$D$53&" Hz atau lebih",IF(P18="Belum ada data","refresh rate belum diketahui","")))) | X18: =IF($A18="","",IF(K18="Kurang",R18&"; ","")&IF(L18="Kurang",S18&"; ","")&IF(M18="Kurang",T18&"; ","")&IF(N18="Kurang",U18&"; ","")&IF(O18="Kurang",V18&"; ","")&IF(P18="Kurang",W18&"; ","")&IF(K18="Belum ada data",R18&"; ","")&IF(L18="Belum ada data",S18&"; ","")&IF(M18="Belum ada data",T18&"; ","")&IF(N18="Belum ada data",U18&"; ","")&IF(O18="Belum ada data",V18&"; ","")&IF(P18="Belum ada data",W18&"; ","")&IF(K18="Cukup",R18&"; ","")&IF(L18="Cukup",S18&"; ","")&IF(M18="Cukup",T18&"; ","")&IF(N18="Cukup",U18&"; ","")&IF(O18="Cukup",V18&"; ","")&IF(P18="Cukup",W18&"; ","")) -> prosesor tingkat 1 dari 5, di bawah batas minimal (tingkat 2); grafis tingkat 1 dari 5 cukup, nyamannya mulai tingkat 2; | Y18: =IF($A18="","",IF(K18="Nyaman","prosesor, ","")&IF(L18="Nyaman","grafis, ","")&IF(M18="Nyaman","RAM, ","")&IF(N18="Nyaman","penyimpanan, ","")&IF(O18="Nyaman","layar, ","")&IF(P18="Nyaman","refresh rate, ","")) -> RAM, penyimpanan, | Z18: =IF($A18="","",IF(Q18="Tidak dinilai","Belum ada kriteria yang dinilai untuk kebutuhan ini.",IF(Q18="Cocok","Semua kriteria yang dinilai sudah nyaman: "&LEFT(Y18,LEN(Y18)-2)&".",UPPER(LEFT(X18,1))&MID(X18,2,LEN(X18)-3)&"."&IF(Y18="",""," Sudah nyaman: "&LEFT(Y18,LEN(Y18)-2)&".")))) -> Prosesor tingkat 1 dari 5, di bawah batas minimal (tingkat 2); grafis tingkat 1 dari 5 cukup, nyamannya mulai tingkat 2. Sudah nyaman: RAM, penyimpanan.
A19: =IF(Varian!$A7="","",Varian!$A7) -> axioo-hype-10-n4020-8-256-w11 | B19: =IF($A19="","",Aturan!$A$25) -> Game berat | C19: =IF($A19="","",IFERROR(IF(ISNUMBER(INDEX(CPU!$J$4:$J$64,MATCH(Varian!$J7,CPU!$A$4:$A$64,0))),INDEX(CPU!$J$4:$J$64,MATCH(Varian!$J7,CPU!$A$4:$A$64,0)),""),"")) -> 1 | D19: =IF($A19="","",IFERROR(IF(ISNUMBER(INDEX(GPU!$G$4:$G$64,MATCH(Varian!$K7,GPU!$A$4:$A$64,0))),INDEX(GPU!$G$4:$G$64,MATCH(Varian!$K7,GPU!$A$4:$A$64,0)),""),"")) -> 1 | E19: =IF($A19="","",IF(ISNUMBER(Varian!$M7),Varian!$M7,"")) -> 8 | F19: =IF($A19="","",IF(ISNUMBER(Varian!$V7),Varian!$V7,"")) -> 256 | G19: =IF($A19="","",IFERROR(INDEX(Aturan!$B$63:$B$66,MATCH(Varian!$AG7,Aturan!$A$63:$A$66,0)),"")) -> 1 | H19: =IF($A19="","",IF(ISNUMBER(Varian!$AI7),Varian!$AI7,"")) -> 60 | I19: =IF($A19="","",IF(Varian!$Q7="disolder","menempel di papan utama, tidak bisa ditambah",IF(OR(Varian!$Q7="slot",Varian!$Q7="setengah_disolder"),IF(Varian!$Q7="setengah_disolder","sebagian menempel, ","")&IF(ISNUMBER(Varian!$U7),IF(AND(ISNUMBER(Varian!$M7),Varian!$U7>Varian!$M7),"bisa dinaikkan lewat slot sampai "&Varian!$U7&" GB","sudah di batas maksimal "&Varian!$U7&" GB"),"ada slot, batas maksimalnya belum diketahui"),"belum diketahui apakah bisa ditambah"))) -> sudah di batas maksimal 8 GB | J19: =IF($A19="","",IF(Varian!$Z7="ya","bisa diganti dengan yang lebih besar",IF(Varian!$Z7="tidak","menempel, tidak bisa diganti","belum diketahui apakah bisa diganti"))) -> bisa diganti dengan yang lebih besar | K19: =IF($A19="","",IF(AND(Aturan!$C$54="",Aturan!$D$54=""),"Tidak dinilai",IF(C19="","Belum ada data",IF(C19<IF(Aturan!$C$54="",0,Aturan!$C$54),"Kurang",IF(C19>=IF(Aturan!$D$54="",Aturan!$C$54,Aturan!$D$54),"Nyaman","Cukup"))))) -> Kurang | L19: =IF($A19="","",IF(AND(Aturan!$C$55="",Aturan!$D$55=""),"Tidak dinilai",IF(D19="","Belum ada data",IF(D19<IF(Aturan!$C$55="",0,Aturan!$C$55),"Kurang",IF(D19>=IF(Aturan!$D$55="",Aturan!$C$55,Aturan!$D$55),"Nyaman","Cukup"))))) -> Kurang | M19: =IF($A19="","",IF(AND(Aturan!$C$56="",Aturan!$D$56=""),"Tidak dinilai",IF(E19="","Belum ada data",IF(E19<IF(Aturan!$C$56="",0,Aturan!$C$56),"Kurang",IF(E19>=IF(Aturan!$D$56="",Aturan!$C$56,Aturan!$D$56),"Nyaman","Cukup"))))) -> Cukup | N19: =IF($A19="","",IF(AND(Aturan!$C$57="",Aturan!$D$57=""),"Tidak dinilai",IF(F19="","Belum ada data",IF(F19<IF(Aturan!$C$57="",0,Aturan!$C$57),"Kurang",IF(F19>=IF(Aturan!$D$57="",Aturan!$C$57,Aturan!$D$57),"Nyaman","Cukup"))))) -> Kurang | O19: =IF($A19="","",IF(AND(Aturan!$C$58="",Aturan!$D$58=""),"Tidak dinilai",IF(G19="","Belum ada data",IF(G19<IF(Aturan!$C$58="",0,Aturan!$C$58),"Kurang",IF(G19>=IF(Aturan!$D$58="",Aturan!$C$58,Aturan!$D$58),"Nyaman","Cukup"))))) -> Tidak dinilai | P19: =IF($A19="","",IF(AND(Aturan!$C$59="",Aturan!$D$59=""),"Tidak dinilai",IF(H19="","Belum ada data",IF(H19<IF(Aturan!$C$59="",0,Aturan!$C$59),"Kurang",IF(H19>=IF(Aturan!$D$59="",Aturan!$C$59,Aturan!$D$59),"Nyaman","Cukup"))))) -> Cukup | Q19: =IF($A19="","",IF(COUNTIF(K19:P19,"Tidak dinilai")=6,"Tidak dinilai",IF(COUNTIF(K19:P19,"Kurang")>0,"Kurang cocok",IF(COUNTIF(K19:P19,"Belum ada data")>0,"Data belum lengkap",IF(COUNTIF(K19:P19,"Cukup")>0,"Bisa, dengan catatan","Cocok"))))) -> Kurang cocok | R19: =IF($A19="","",IF(K19="Kurang","prosesor tingkat "&C19&" dari 5, di bawah batas minimal (tingkat "&Aturan!$C$54&")",IF(K19="Cukup","prosesor tingkat "&C19&" dari 5 cukup, nyamannya mulai tingkat "&Aturan!$D$54,IF(K19="Belum ada data","tingkat prosesor belum diisi","")))) -> prosesor tingkat 1 dari 5, di bawah batas minimal (tingkat 3) | S19: =IF($A19="","",IF(L19="Kurang","grafis tingkat "&D19&" dari 5, di bawah batas minimal (tingkat "&Aturan!$C$55&")",IF(L19="Cukup","grafis tingkat "&D19&" dari 5 cukup, nyamannya mulai tingkat "&Aturan!$D$55,IF(L19="Belum ada data","tingkat grafis belum diisi","")))) -> grafis tingkat 1 dari 5, di bawah batas minimal (tingkat 3) | T19: =IF($A19="","",IF(M19="Kurang","RAM "&E19&" GB, di bawah batas minimal "&Aturan!$C$56&" GB ("&I19&")",IF(M19="Cukup","RAM "&E19&" GB cukup, nyamannya "&Aturan!$D$56&" GB atau lebih ("&I19&")",IF(M19="Belum ada data","ukuran RAM belum diisi","")))) -> RAM 8 GB cukup, nyamannya 16 GB atau lebih (sudah di batas maksimal 8 GB) | U19: =IF($A19="","",IF(N19="Kurang","penyimpanan "&F19&" GB, di bawah batas minimal "&Aturan!$C$57&" GB ("&J19&")",IF(N19="Cukup","penyimpanan "&F19&" GB cukup, nyamannya "&Aturan!$D$57&" GB atau lebih ("&J19&")",IF(N19="Belum ada data","ukuran penyimpanan belum diisi","")))) -> penyimpanan 256 GB, di bawah batas minimal 512 GB (bisa diganti dengan yang lebih besar) | V19: =IF($A19="","",IF(O19="Kurang","layar "&Varian!$AG7&", di bawah batas minimal ("&IFERROR(INDEX(Aturan!$A$63:$A$66,MATCH(Aturan!$C$58,Aturan!$B$63:$B$66,0)),"peringkat "&Aturan!$C$58)&")",IF(O19="Cukup","layar "&Varian!$AG7&" cukup, nyamannya "&IFERROR(INDEX(Aturan!$A$63:$A$66,MATCH(Aturan!$D$58,Aturan!$B$63:$B$66,0)),"peringkat "&Aturan!$D$58),IF(O19="Belum ada data","jenis layar belum diketahui","")))) | W19: =IF($A19="","",IF(P19="Kurang","layar "&H19&" Hz, di bawah batas minimal "&Aturan!$C$59&" Hz",IF(P19="Cukup","layar "&H19&" Hz cukup, nyamannya "&Aturan!$D$59&" Hz atau lebih",IF(P19="Belum ada data","refresh rate belum diketahui","")))) -> layar 60 Hz cukup, nyamannya 120 Hz atau lebih | X19: =IF($A19="","",IF(K19="Kurang",R19&"; ","")&IF(L19="Kurang",S19&"; ","")&IF(M19="Kurang",T19&"; ","")&IF(N19="Kurang",U19&"; ","")&IF(O19="Kurang",V19&"; ","")&IF(P19="Kurang",W19&"; ","")&IF(K19="Belum ada data",R19&"; ","")&IF(L19="Belum ada data",S19&"; ","")&IF(M19="Belum ada data",T19&"; ","")&IF(N19="Belum ada data",U19&"; ","")&IF(O19="Belum ada data",V19&"; ","")&IF(P19="Belum ada data",W19&"; ","")&IF(K19="Cukup",R19&"; ","")&IF(L19="Cukup",S19&"; ","")&IF(M19="Cukup",T19&"; ","")&IF(N19="Cukup",U19&"; ","")&IF(O19="Cukup",V19&"; ","")&IF(P19="Cukup",W19&"; ","")) -> prosesor tingkat 1 dari 5, di bawah batas minimal (tingkat 3); grafis tingkat 1 dari 5, di bawah batas minimal (tingkat 3); penyimpanan 256 GB, di bawah batas minimal 512 GB (bisa diganti dengan yang lebih besar); RAM 8 GB cukup, nyamannya 16 GB atau lebih (sudah di batas maksimal 8 GB); layar 60 Hz cukup, nyamannya 120 Hz atau lebih; | Y19: =IF($A19="","",IF(K19="Nyaman","prosesor, ","")&IF(L19="Nyaman","grafis, ","")&IF(M19="Nyaman","RAM, ","")&IF(N19="Nyaman","penyimpanan, ","")&IF(O19="Nyaman","layar, ","")&IF(P19="Nyaman","refresh rate, ","")) | Z19: =IF($A19="","",IF(Q19="Tidak dinilai","Belum ada kriteria yang dinilai untuk kebutuhan ini.",IF(Q19="Cocok","Semua kriteria yang dinilai sudah nyaman: "&LEFT(Y19,LEN(Y19)-2)&".",UPPER(LEFT(X19,1))&MID(X19,2,LEN(X19)-3)&"."&IF(Y19="",""," Sudah nyaman: "&LEFT(Y19,LEN(Y19)-2)&".")))) -> Prosesor tingkat 1 dari 5, di bawah batas minimal (tingkat 3); grafis tingkat 1 dari 5, di bawah batas minimal (tingkat 3); penyimpanan 256 GB, di bawah batas minimal 512 GB (bisa diganti dengan yang lebih besar); RAM 8 GB cukup, nyamannya 16 GB atau lebih (sudah di batas maksimal 8 GB); layar 60 Hz cukup, nyamannya 120 Hz atau lebih.
A20: =IF(Varian!$A8="","",Varian!$A8) -> axioo-hype-10-n4020-8-256-w10 | B20: =IF($A20="","",Aturan!$A$21) -> Kuliah dan kantor | C20: =IF($A20="","",IFERROR(IF(ISNUMBER(INDEX(CPU!$J$4:$J$64,MATCH(Varian!$J8,CPU!$A$4:$A$64,0))),INDEX(CPU!$J$4:$J$64,MATCH(Varian!$J8,CPU!$A$4:$A$64,0)),""),"")) -> 1 | D20: =IF($A20="","",IFERROR(IF(ISNUMBER(INDEX(GPU!$G$4:$G$64,MATCH(Varian!$K8,GPU!$A$4:$A$64,0))),INDEX(GPU!$G$4:$G$64,MATCH(Varian!$K8,GPU!$A$4:$A$64,0)),""),"")) -> 1 | E20: =IF($A20="","",IF(ISNUMBER(Varian!$M8),Varian!$M8,"")) -> 8 | F20: =IF($A20="","",IF(ISNUMBER(Varian!$V8),Varian!$V8,"")) -> 256 | G20: =IF($A20="","",IFERROR(INDEX(Aturan!$B$63:$B$66,MATCH(Varian!$AG8,Aturan!$A$63:$A$66,0)),"")) -> 1 | H20: =IF($A20="","",IF(ISNUMBER(Varian!$AI8),Varian!$AI8,"")) | I20: =IF($A20="","",IF(Varian!$Q8="disolder","menempel di papan utama, tidak bisa ditambah",IF(OR(Varian!$Q8="slot",Varian!$Q8="setengah_disolder"),IF(Varian!$Q8="setengah_disolder","sebagian menempel, ","")&IF(ISNUMBER(Varian!$U8),IF(AND(ISNUMBER(Varian!$M8),Varian!$U8>Varian!$M8),"bisa dinaikkan lewat slot sampai "&Varian!$U8&" GB","sudah di batas maksimal "&Varian!$U8&" GB"),"ada slot, batas maksimalnya belum diketahui"),"belum diketahui apakah bisa ditambah"))) -> sudah di batas maksimal 8 GB | J20: =IF($A20="","",IF(Varian!$Z8="ya","bisa diganti dengan yang lebih besar",IF(Varian!$Z8="tidak","menempel, tidak bisa diganti","belum diketahui apakah bisa diganti"))) -> bisa diganti dengan yang lebih besar | K20: =IF($A20="","",IF(AND(Aturan!$C$30="",Aturan!$D$30=""),"Tidak dinilai",IF(C20="","Belum ada data",IF(C20<IF(Aturan!$C$30="",0,Aturan!$C$30),"Kurang",IF(C20>=IF(Aturan!$D$30="",Aturan!$C$30,Aturan!$D$30),"Nyaman","Cukup"))))) -> Cukup | L20: =IF($A20="","",IF(AND(Aturan!$C$31="",Aturan!$D$31=""),"Tidak dinilai",IF(D20="","Belum ada data",IF(D20<IF(Aturan!$C$31="",0,Aturan!$C$31),"Kurang",IF(D20>=IF(Aturan!$D$31="",Aturan!$C$31,Aturan!$D$31),"Nyaman","Cukup"))))) -> Tidak dinilai | M20: =IF($A20="","",IF(AND(Aturan!$C$32="",Aturan!$D$32=""),"Tidak dinilai",IF(E20="","Belum ada data",IF(E20<IF(Aturan!$C$32="",0,Aturan!$C$32),"Kurang",IF(E20>=IF(Aturan!$D$32="",Aturan!$C$32,Aturan!$D$32),"Nyaman","Cukup"))))) -> Nyaman | N20: =IF($A20="","",IF(AND(Aturan!$C$33="",Aturan!$D$33=""),"Tidak dinilai",IF(F20="","Belum ada data",IF(F20<IF(Aturan!$C$33="",0,Aturan!$C$33),"Kurang",IF(F20>=IF(Aturan!$D$33="",Aturan!$C$33,Aturan!$D$33),"Nyaman","Cukup"))))) -> Nyaman | O20: =IF($A20="","",IF(AND(Aturan!$C$34="",Aturan!$D$34=""),"Tidak dinilai",IF(G20="","Belum ada data",IF(G20<IF(Aturan!$C$34="",0,Aturan!$C$34),"Kurang",IF(G20>=IF(Aturan!$D$34="",Aturan!$C$34,Aturan!$D$34),"Nyaman","Cukup"))))) -> Tidak dinilai | P20: =IF($A20="","",IF(AND(Aturan!$C$35="",Aturan!$D$35=""),"Tidak dinilai",IF(H20="","Belum ada data",IF(H20<IF(Aturan!$C$35="",0,Aturan!$C$35),"Kurang",IF(H20>=IF(Aturan!$D$35="",Aturan!$C$35,Aturan!$D$35),"Nyaman","Cukup"))))) -> Tidak dinilai | Q20: =IF($A20="","",IF(COUNTIF(K20:P20,"Tidak dinilai")=6,"Tidak dinilai",IF(COUNTIF(K20:P20,"Kurang")>0,"Kurang cocok",IF(COUNTIF(K20:P20,"Belum ada data")>0,"Data belum lengkap",IF(COUNTIF(K20:P20,"Cukup")>0,"Bisa, dengan catatan","Cocok"))))) -> Bisa, dengan catatan | R20: =IF($A20="","",IF(K20="Kurang","prosesor tingkat "&C20&" dari 5, di bawah batas minimal (tingkat "&Aturan!$C$30&")",IF(K20="Cukup","prosesor tingkat "&C20&" dari 5 cukup, nyamannya mulai tingkat "&Aturan!$D$30,IF(K20="Belum ada data","tingkat prosesor belum diisi","")))) -> prosesor tingkat 1 dari 5 cukup, nyamannya mulai tingkat 2 | S20: =IF($A20="","",IF(L20="Kurang","grafis tingkat "&D20&" dari 5, di bawah batas minimal (tingkat "&Aturan!$C$31&")",IF(L20="Cukup","grafis tingkat "&D20&" dari 5 cukup, nyamannya mulai tingkat "&Aturan!$D$31,IF(L20="Belum ada data","tingkat grafis belum diisi","")))) | T20: =IF($A20="","",IF(M20="Kurang","RAM "&E20&" GB, di bawah batas minimal "&Aturan!$C$32&" GB ("&I20&")",IF(M20="Cukup","RAM "&E20&" GB cukup, nyamannya "&Aturan!$D$32&" GB atau lebih ("&I20&")",IF(M20="Belum ada data","ukuran RAM belum diisi","")))) | U20: =IF($A20="","",IF(N20="Kurang","penyimpanan "&F20&" GB, di bawah batas minimal "&Aturan!$C$33&" GB ("&J20&")",IF(N20="Cukup","penyimpanan "&F20&" GB cukup, nyamannya "&Aturan!$D$33&" GB atau lebih ("&J20&")",IF(N20="Belum ada data","ukuran penyimpanan belum diisi","")))) | V20: =IF($A20="","",IF(O20="Kurang","layar "&Varian!$AG8&", di bawah batas minimal ("&IFERROR(INDEX(Aturan!$A$63:$A$66,MATCH(Aturan!$C$34,Aturan!$B$63:$B$66,0)),"peringkat "&Aturan!$C$34)&")",IF(O20="Cukup","layar "&Varian!$AG8&" cukup, nyamannya "&IFERROR(INDEX(Aturan!$A$63:$A$66,MATCH(Aturan!$D$34,Aturan!$B$63:$B$66,0)),"peringkat "&Aturan!$D$34),IF(O20="Belum ada data","jenis layar belum diketahui","")))) | W20: =IF($A20="","",IF(P20="Kurang","layar "&H20&" Hz, di bawah batas minimal "&Aturan!$C$35&" Hz",IF(P20="Cukup","layar "&H20&" Hz cukup, nyamannya "&Aturan!$D$35&" Hz atau lebih",IF(P20="Belum ada data","refresh rate belum diketahui","")))) | X20: =IF($A20="","",IF(K20="Kurang",R20&"; ","")&IF(L20="Kurang",S20&"; ","")&IF(M20="Kurang",T20&"; ","")&IF(N20="Kurang",U20&"; ","")&IF(O20="Kurang",V20&"; ","")&IF(P20="Kurang",W20&"; ","")&IF(K20="Belum ada data",R20&"; ","")&IF(L20="Belum ada data",S20&"; ","")&IF(M20="Belum ada data",T20&"; ","")&IF(N20="Belum ada data",U20&"; ","")&IF(O20="Belum ada data",V20&"; ","")&IF(P20="Belum ada data",W20&"; ","")&IF(K20="Cukup",R20&"; ","")&IF(L20="Cukup",S20&"; ","")&IF(M20="Cukup",T20&"; ","")&IF(N20="Cukup",U20&"; ","")&IF(O20="Cukup",V20&"; ","")&IF(P20="Cukup",W20&"; ","")) -> prosesor tingkat 1 dari 5 cukup, nyamannya mulai tingkat 2; | Y20: =IF($A20="","",IF(K20="Nyaman","prosesor, ","")&IF(L20="Nyaman","grafis, ","")&IF(M20="Nyaman","RAM, ","")&IF(N20="Nyaman","penyimpanan, ","")&IF(O20="Nyaman","layar, ","")&IF(P20="Nyaman","refresh rate, ","")) -> RAM, penyimpanan, | Z20: =IF($A20="","",IF(Q20="Tidak dinilai","Belum ada kriteria yang dinilai untuk kebutuhan ini.",IF(Q20="Cocok","Semua kriteria yang dinilai sudah nyaman: "&LEFT(Y20,LEN(Y20)-2)&".",UPPER(LEFT(X20,1))&MID(X20,2,LEN(X20)-3)&"."&IF(Y20="",""," Sudah nyaman: "&LEFT(Y20,LEN(Y20)-2)&".")))) -> Prosesor tingkat 1 dari 5 cukup, nyamannya mulai tingkat 2. Sudah nyaman: RAM, penyimpanan. | AA20: =IF($A20="","",IF(Varian!$AR8="Windows 10","• "&Aturan!$E$71&CHAR(10),"")&IF(Varian!$BB8="tidak","• "&Aturan!$E$72&CHAR(10),"")&IF(OR(Varian!$AD8="belum terverifikasi",Varian!$AD8="tidak diketahui"),"• "&Aturan!$E$73&CHAR(10),"")&IF(Varian!$AH8="1366x768","• "&Aturan!$E$74&CHAR(10),"")&IF(Varian!$AG8="TN","• "&Aturan!$E$75&CHAR(10),"")&IF(AND(Varian!$Q8="disolder",ISNUMBER(Varian!$M8),Varian!$M8<=8),"• "&Aturan!$E$76&CHAR(10),"")) -> • Memakai Windows 10: dukungan resmi Microsoft sudah berakhir pada 14 Oktober 2025. Siapkan naik ke Windows 11. • Info RAM dan penyimpanan (bisa diganti atau tidak) belum terverifikasi. Periksa lagi sebelum membeli. • Layar beresolusi rendah (1366x768): ruang kerja sempit dan tulisan kurang tajam. • Panel TN: warna cenderung pucat dan sudut pandang sempit. | AB20: =IF($A20="","",IF(AA20="","",LEFT(AA20,LEN(AA20)-1))) -> • Memakai Windows 10: dukungan resmi Microsoft sudah berakhir pada 14 Oktober 2025. Siapkan naik ke Windows 11. • Info RAM dan penyimpanan (bisa diganti atau tidak) belum terverifikasi. Periksa lagi sebelum membeli. • Layar beresolusi rendah (1366x768): ruang kerja sempit dan tulisan kurang tajam. • Panel TN: warna cenderung pucat dan sudut pandang sempit. | AC20: =IF($A20="","",IF(AA20="",0,LEN(AA20)-LEN(SUBSTITUTE(AA20,CHAR(10),"")))) -> 4
A21: =IF(Varian!$A8="","",Varian!$A8) -> axioo-hype-10-n4020-8-256-w10 | B21: =IF($A21="","",Aturan!$A$22) -> Desain grafis | C21: =IF($A21="","",IFERROR(IF(ISNUMBER(INDEX(CPU!$J$4:$J$64,MATCH(Varian!$J8,CPU!$A$4:$A$64,0))),INDEX(CPU!$J$4:$J$64,MATCH(Varian!$J8,CPU!$A$4:$A$64,0)),""),"")) -> 1 | D21: =IF($A21="","",IFERROR(IF(ISNUMBER(INDEX(GPU!$G$4:$G$64,MATCH(Varian!$K8,GPU!$A$4:$A$64,0))),INDEX(GPU!$G$4:$G$64,MATCH(Varian!$K8,GPU!$A$4:$A$64,0)),""),"")) -> 1 | E21: =IF($A21="","",IF(ISNUMBER(Varian!$M8),Varian!$M8,"")) -> 8 | F21: =IF($A21="","",IF(ISNUMBER(Varian!$V8),Varian!$V8,"")) -> 256 | G21: =IF($A21="","",IFERROR(INDEX(Aturan!$B$63:$B$66,MATCH(Varian!$AG8,Aturan!$A$63:$A$66,0)),"")) -> 1 | H21: =IF($A21="","",IF(ISNUMBER(Varian!$AI8),Varian!$AI8,"")) | I21: =IF($A21="","",IF(Varian!$Q8="disolder","menempel di papan utama, tidak bisa ditambah",IF(OR(Varian!$Q8="slot",Varian!$Q8="setengah_disolder"),IF(Varian!$Q8="setengah_disolder","sebagian menempel, ","")&IF(ISNUMBER(Varian!$U8),IF(AND(ISNUMBER(Varian!$M8),Varian!$U8>Varian!$M8),"bisa dinaikkan lewat slot sampai "&Varian!$U8&" GB","sudah di batas maksimal "&Varian!$U8&" GB"),"ada slot, batas maksimalnya belum diketahui"),"belum diketahui apakah bisa ditambah"))) -> sudah di batas maksimal 8 GB | J21: =IF($A21="","",IF(Varian!$Z8="ya","bisa diganti dengan yang lebih besar",IF(Varian!$Z8="tidak","menempel, tidak bisa diganti","belum diketahui apakah bisa diganti"))) -> bisa diganti dengan yang lebih besar | K21: =IF($A21="","",IF(AND(Aturan!$C$36="",Aturan!$D$36=""),"Tidak dinilai",IF(C21="","Belum ada data",IF(C21<IF(Aturan!$C$36="",0,Aturan!$C$36),"Kurang",IF(C21>=IF(Aturan!$D$36="",Aturan!$C$36,Aturan!$D$36),"Nyaman","Cukup"))))) -> Kurang | L21: =IF($A21="","",IF(AND(Aturan!$C$37="",Aturan!$D$37=""),"Tidak dinilai",IF(D21="","Belum ada data",IF(D21<IF(Aturan!$C$37="",0,Aturan!$C$37),"Kurang",IF(D21>=IF(Aturan!$D$37="",Aturan!$C$37,Aturan!$D$37),"Nyaman","Cukup"))))) -> Cukup | M21: =IF($A21="","",IF(AND(Aturan!$C$38="",Aturan!$D$38=""),"Tidak dinilai",IF(E21="","Belum ada data",IF(E21<IF(Aturan!$C$38="",0,Aturan!$C$38),"Kurang",IF(E21>=IF(Aturan!$D$38="",Aturan!$C$38,Aturan!$D$38),"Nyaman","Cukup"))))) -> Cukup | N21: =IF($A21="","",IF(AND(Aturan!$C$39="",Aturan!$D$39=""),"Tidak dinilai",IF(F21="","Belum ada data",IF(F21<IF(Aturan!$C$39="",0,Aturan!$C$39),"Kurang",IF(F21>=IF(Aturan!$D$39="",Aturan!$C$39,Aturan!$D$39),"Nyaman","Cukup"))))) -> Cukup | O21: =IF($A21="","",IF(AND(Aturan!$C$40="",Aturan!$D$40=""),"Tidak dinilai",IF(G21="","Belum ada data",IF(G21<IF(Aturan!$C$40="",0,Aturan!$C$40),"Kurang",IF(G21>=IF(Aturan!$D$40="",Aturan!$C$40,Aturan!$D$40),"Nyaman","Cukup"))))) -> Kurang | P21: =IF($A21="","",IF(AND(Aturan!$C$41="",Aturan!$D$41=""),"Tidak dinilai",IF(H21="","Belum ada data",IF(H21<IF(Aturan!$C$41="",0,Aturan!$C$41),"Kurang",IF(H21>=IF(Aturan!$D$41="",Aturan!$C$41,Aturan!$D$41),"Nyaman","Cukup"))))) -> Tidak dinilai | Q21: =IF($A21="","",IF(COUNTIF(K21:P21,"Tidak dinilai")=6,"Tidak dinilai",IF(COUNTIF(K21:P21,"Kurang")>0,"Kurang cocok",IF(COUNTIF(K21:P21,"Belum ada data")>0,"Data belum lengkap",IF(COUNTIF(K21:P21,"Cukup")>0,"Bisa, dengan catatan","Cocok"))))) -> Kurang cocok | R21: =IF($A21="","",IF(K21="Kurang","prosesor tingkat "&C21&" dari 5, di bawah batas minimal (tingkat "&Aturan!$C$36&")",IF(K21="Cukup","prosesor tingkat "&C21&" dari 5 cukup, nyamannya mulai tingkat "&Aturan!$D$36,IF(K21="Belum ada data","tingkat prosesor belum diisi","")))) -> prosesor tingkat 1 dari 5, di bawah batas minimal (tingkat 2) | S21: =IF($A21="","",IF(L21="Kurang","grafis tingkat "&D21&" dari 5, di bawah batas minimal (tingkat "&Aturan!$C$37&")",IF(L21="Cukup","grafis tingkat "&D21&" dari 5 cukup, nyamannya mulai tingkat "&Aturan!$D$37,IF(L21="Belum ada data","tingkat grafis belum diisi","")))) -> grafis tingkat 1 dari 5 cukup, nyamannya mulai tingkat 2 | T21: =IF($A21="","",IF(M21="Kurang","RAM "&E21&" GB, di bawah batas minimal "&Aturan!$C$38&" GB ("&I21&")",IF(M21="Cukup","RAM "&E21&" GB cukup, nyamannya "&Aturan!$D$38&" GB atau lebih ("&I21&")",IF(M21="Belum ada data","ukuran RAM belum diisi","")))) -> RAM 8 GB cukup, nyamannya 16 GB atau lebih (sudah di batas maksimal 8 GB) | U21: =IF($A21="","",IF(N21="Kurang","penyimpanan "&F21&" GB, di bawah batas minimal "&Aturan!$C$39&" GB ("&J21&")",IF(N21="Cukup","penyimpanan "&F21&" GB cukup, nyamannya "&Aturan!$D$39&" GB atau lebih ("&J21&")",IF(N21="Belum ada data","ukuran penyimpanan belum diisi","")))) -> penyimpanan 256 GB cukup, nyamannya 512 GB atau lebih (bisa diganti dengan yang lebih besar) | V21: =IF($A21="","",IF(O21="Kurang","layar "&Varian!$AG8&", di bawah batas minimal ("&IFERROR(INDEX(Aturan!$A$63:$A$66,MATCH(Aturan!$C$40,Aturan!$B$63:$B$66,0)),"peringkat "&Aturan!$C$40)&")",IF(O21="Cukup","layar "&Varian!$AG8&" cukup, nyamannya "&IFERROR(INDEX(Aturan!$A$63:$A$66,MATCH(Aturan!$D$40,Aturan!$B$63:$B$66,0)),"peringkat "&Aturan!$D$40),IF(O21="Belum ada data","jenis layar belum diketahui","")))) -> layar TN, di bawah batas minimal (IPS) | W21: =IF($A21="","",IF(P21="Kurang","layar "&H21&" Hz, di bawah batas minimal "&Aturan!$C$41&" Hz",IF(P21="Cukup","layar "&H21&" Hz cukup, nyamannya "&Aturan!$D$41&" Hz atau lebih",IF(P21="Belum ada data","refresh rate belum diketahui","")))) | X21: =IF($A21="","",IF(K21="Kurang",R21&"; ","")&IF(L21="Kurang",S21&"; ","")&IF(M21="Kurang",T21&"; ","")&IF(N21="Kurang",U21&"; ","")&IF(O21="Kurang",V21&"; ","")&IF(P21="Kurang",W21&"; ","")&IF(K21="Belum ada data",R21&"; ","")&IF(L21="Belum ada data",S21&"; ","")&IF(M21="Belum ada data",T21&"; ","")&IF(N21="Belum ada data",U21&"; ","")&IF(O21="Belum ada data",V21&"; ","")&IF(P21="Belum ada data",W21&"; ","")&IF(K21="Cukup",R21&"; ","")&IF(L21="Cukup",S21&"; ","")&IF(M21="Cukup",T21&"; ","")&IF(N21="Cukup",U21&"; ","")&IF(O21="Cukup",V21&"; ","")&IF(P21="Cukup",W21&"; ","")) -> prosesor tingkat 1 dari 5, di bawah batas minimal (tingkat 2); layar TN, di bawah batas minimal (IPS); grafis tingkat 1 dari 5 cukup, nyamannya mulai tingkat 2; RAM 8 GB cukup, nyamannya 16 GB atau lebih (sudah di batas maksimal 8 GB); penyimpanan 256 GB cukup, nyamannya 512 GB atau lebih (bisa diganti dengan yang lebih besar); | Y21: =IF($A21="","",IF(K21="Nyaman","prosesor, ","")&IF(L21="Nyaman","grafis, ","")&IF(M21="Nyaman","RAM, ","")&IF(N21="Nyaman","penyimpanan, ","")&IF(O21="Nyaman","layar, ","")&IF(P21="Nyaman","refresh rate, ","")) | Z21: =IF($A21="","",IF(Q21="Tidak dinilai","Belum ada kriteria yang dinilai untuk kebutuhan ini.",IF(Q21="Cocok","Semua kriteria yang dinilai sudah nyaman: "&LEFT(Y21,LEN(Y21)-2)&".",UPPER(LEFT(X21,1))&MID(X21,2,LEN(X21)-3)&"."&IF(Y21="",""," Sudah nyaman: "&LEFT(Y21,LEN(Y21)-2)&".")))) -> Prosesor tingkat 1 dari 5, di bawah batas minimal (tingkat 2); layar TN, di bawah batas minimal (IPS); grafis tingkat 1 dari 5 cukup, nyamannya mulai tingkat 2; RAM 8 GB cukup, nyamannya 16 GB atau lebih (sudah di batas maksimal 8 GB); penyimpanan 256 GB cukup, nyamannya 512 GB atau lebih (bisa diganti dengan yang lebih besar).
A22: =IF(Varian!$A8="","",Varian!$A8) -> axioo-hype-10-n4020-8-256-w10 | B22: =IF($A22="","",Aturan!$A$23) -> Pemrograman | C22: =IF($A22="","",IFERROR(IF(ISNUMBER(INDEX(CPU!$J$4:$J$64,MATCH(Varian!$J8,CPU!$A$4:$A$64,0))),INDEX(CPU!$J$4:$J$64,MATCH(Varian!$J8,CPU!$A$4:$A$64,0)),""),"")) -> 1 | D22: =IF($A22="","",IFERROR(IF(ISNUMBER(INDEX(GPU!$G$4:$G$64,MATCH(Varian!$K8,GPU!$A$4:$A$64,0))),INDEX(GPU!$G$4:$G$64,MATCH(Varian!$K8,GPU!$A$4:$A$64,0)),""),"")) -> 1 | E22: =IF($A22="","",IF(ISNUMBER(Varian!$M8),Varian!$M8,"")) -> 8 | F22: =IF($A22="","",IF(ISNUMBER(Varian!$V8),Varian!$V8,"")) -> 256 | G22: =IF($A22="","",IFERROR(INDEX(Aturan!$B$63:$B$66,MATCH(Varian!$AG8,Aturan!$A$63:$A$66,0)),"")) -> 1 | H22: =IF($A22="","",IF(ISNUMBER(Varian!$AI8),Varian!$AI8,"")) | I22: =IF($A22="","",IF(Varian!$Q8="disolder","menempel di papan utama, tidak bisa ditambah",IF(OR(Varian!$Q8="slot",Varian!$Q8="setengah_disolder"),IF(Varian!$Q8="setengah_disolder","sebagian menempel, ","")&IF(ISNUMBER(Varian!$U8),IF(AND(ISNUMBER(Varian!$M8),Varian!$U8>Varian!$M8),"bisa dinaikkan lewat slot sampai "&Varian!$U8&" GB","sudah di batas maksimal "&Varian!$U8&" GB"),"ada slot, batas maksimalnya belum diketahui"),"belum diketahui apakah bisa ditambah"))) -> sudah di batas maksimal 8 GB | J22: =IF($A22="","",IF(Varian!$Z8="ya","bisa diganti dengan yang lebih besar",IF(Varian!$Z8="tidak","menempel, tidak bisa diganti","belum diketahui apakah bisa diganti"))) -> bisa diganti dengan yang lebih besar | K22: =IF($A22="","",IF(AND(Aturan!$C$42="",Aturan!$D$42=""),"Tidak dinilai",IF(C22="","Belum ada data",IF(C22<IF(Aturan!$C$42="",0,Aturan!$C$42),"Kurang",IF(C22>=IF(Aturan!$D$42="",Aturan!$C$42,Aturan!$D$42),"Nyaman","Cukup"))))) -> Kurang | L22: =IF($A22="","",IF(AND(Aturan!$C$43="",Aturan!$D$43=""),"Tidak dinilai",IF(D22="","Belum ada data",IF(D22<IF(Aturan!$C$43="",0,Aturan!$C$43),"Kurang",IF(D22>=IF(Aturan!$D$43="",Aturan!$C$43,Aturan!$D$43),"Nyaman","Cukup"))))) -> Tidak dinilai | M22: =IF($A22="","",IF(AND(Aturan!$C$44="",Aturan!$D$44=""),"Tidak dinilai",IF(E22="","Belum ada data",IF(E22<IF(Aturan!$C$44="",0,Aturan!$C$44),"Kurang",IF(E22>=IF(Aturan!$D$44="",Aturan!$C$44,Aturan!$D$44),"Nyaman","Cukup"))))) -> Cukup | N22: =IF($A22="","",IF(AND(Aturan!$C$45="",Aturan!$D$45=""),"Tidak dinilai",IF(F22="","Belum ada data",IF(F22<IF(Aturan!$C$45="",0,Aturan!$C$45),"Kurang",IF(F22>=IF(Aturan!$D$45="",Aturan!$C$45,Aturan!$D$45),"Nyaman","Cukup"))))) -> Cukup | O22: =IF($A22="","",IF(AND(Aturan!$C$46="",Aturan!$D$46=""),"Tidak dinilai",IF(G22="","Belum ada data",IF(G22<IF(Aturan!$C$46="",0,Aturan!$C$46),"Kurang",IF(G22>=IF(Aturan!$D$46="",Aturan!$C$46,Aturan!$D$46),"Nyaman","Cukup"))))) -> Tidak dinilai | P22: =IF($A22="","",IF(AND(Aturan!$C$47="",Aturan!$D$47=""),"Tidak dinilai",IF(H22="","Belum ada data",IF(H22<IF(Aturan!$C$47="",0,Aturan!$C$47),"Kurang",IF(H22>=IF(Aturan!$D$47="",Aturan!$C$47,Aturan!$D$47),"Nyaman","Cukup"))))) -> Tidak dinilai | Q22: =IF($A22="","",IF(COUNTIF(K22:P22,"Tidak dinilai")=6,"Tidak dinilai",IF(COUNTIF(K22:P22,"Kurang")>0,"Kurang cocok",IF(COUNTIF(K22:P22,"Belum ada data")>0,"Data belum lengkap",IF(COUNTIF(K22:P22,"Cukup")>0,"Bisa, dengan catatan","Cocok"))))) -> Kurang cocok | R22: =IF($A22="","",IF(K22="Kurang","prosesor tingkat "&C22&" dari 5, di bawah batas minimal (tingkat "&Aturan!$C$42&")",IF(K22="Cukup","prosesor tingkat "&C22&" dari 5 cukup, nyamannya mulai tingkat "&Aturan!$D$42,IF(K22="Belum ada data","tingkat prosesor belum diisi","")))) -> prosesor tingkat 1 dari 5, di bawah batas minimal (tingkat 2) | S22: =IF($A22="","",IF(L22="Kurang","grafis tingkat "&D22&" dari 5, di bawah batas minimal (tingkat "&Aturan!$C$43&")",IF(L22="Cukup","grafis tingkat "&D22&" dari 5 cukup, nyamannya mulai tingkat "&Aturan!$D$43,IF(L22="Belum ada data","tingkat grafis belum diisi","")))) | T22: =IF($A22="","",IF(M22="Kurang","RAM "&E22&" GB, di bawah batas minimal "&Aturan!$C$44&" GB ("&I22&")",IF(M22="Cukup","RAM "&E22&" GB cukup, nyamannya "&Aturan!$D$44&" GB atau lebih ("&I22&")",IF(M22="Belum ada data","ukuran RAM belum diisi","")))) -> RAM 8 GB cukup, nyamannya 16 GB atau lebih (sudah di batas maksimal 8 GB) | U22: =IF($A22="","",IF(N22="Kurang","penyimpanan "&F22&" GB, di bawah batas minimal "&Aturan!$C$45&" GB ("&J22&")",IF(N22="Cukup","penyimpanan "&F22&" GB cukup, nyamannya "&Aturan!$D$45&" GB atau lebih ("&J22&")",IF(N22="Belum ada data","ukuran penyimpanan belum diisi","")))) -> penyimpanan 256 GB cukup, nyamannya 512 GB atau lebih (bisa diganti dengan yang lebih besar) | V22: =IF($A22="","",IF(O22="Kurang","layar "&Varian!$AG8&", di bawah batas minimal ("&IFERROR(INDEX(Aturan!$A$63:$A$66,MATCH(Aturan!$C$46,Aturan!$B$63:$B$66,0)),"peringkat "&Aturan!$C$46)&")",IF(O22="Cukup","layar "&Varian!$AG8&" cukup, nyamannya "&IFERROR(INDEX(Aturan!$A$63:$A$66,MATCH(Aturan!$D$46,Aturan!$B$63:$B$66,0)),"peringkat "&Aturan!$D$46),IF(O22="Belum ada data","jenis layar belum diketahui","")))) | W22: =IF($A22="","",IF(P22="Kurang","layar "&H22&" Hz, di bawah batas minimal "&Aturan!$C$47&" Hz",IF(P22="Cukup","layar "&H22&" Hz cukup, nyamannya "&Aturan!$D$47&" Hz atau lebih",IF(P22="Belum ada data","refresh rate belum diketahui","")))) | X22: =IF($A22="","",IF(K22="Kurang",R22&"; ","")&IF(L22="Kurang",S22&"; ","")&IF(M22="Kurang",T22&"; ","")&IF(N22="Kurang",U22&"; ","")&IF(O22="Kurang",V22&"; ","")&IF(P22="Kurang",W22&"; ","")&IF(K22="Belum ada data",R22&"; ","")&IF(L22="Belum ada data",S22&"; ","")&IF(M22="Belum ada data",T22&"; ","")&IF(N22="Belum ada data",U22&"; ","")&IF(O22="Belum ada data",V22&"; ","")&IF(P22="Belum ada data",W22&"; ","")&IF(K22="Cukup",R22&"; ","")&IF(L22="Cukup",S22&"; ","")&IF(M22="Cukup",T22&"; ","")&IF(N22="Cukup",U22&"; ","")&IF(O22="Cukup",V22&"; ","")&IF(P22="Cukup",W22&"; ","")) -> prosesor tingkat 1 dari 5, di bawah batas minimal (tingkat 2); RAM 8 GB cukup, nyamannya 16 GB atau lebih (sudah di batas maksimal 8 GB); penyimpanan 256 GB cukup, nyamannya 512 GB atau lebih (bisa diganti dengan yang lebih besar); | Y22: =IF($A22="","",IF(K22="Nyaman","prosesor, ","")&IF(L22="Nyaman","grafis, ","")&IF(M22="Nyaman","RAM, ","")&IF(N22="Nyaman","penyimpanan, ","")&IF(O22="Nyaman","layar, ","")&IF(P22="Nyaman","refresh rate, ","")) | Z22: =IF($A22="","",IF(Q22="Tidak dinilai","Belum ada kriteria yang dinilai untuk kebutuhan ini.",IF(Q22="Cocok","Semua kriteria yang dinilai sudah nyaman: "&LEFT(Y22,LEN(Y22)-2)&".",UPPER(LEFT(X22,1))&MID(X22,2,LEN(X22)-3)&"."&IF(Y22="",""," Sudah nyaman: "&LEFT(Y22,LEN(Y22)-2)&".")))) -> Prosesor tingkat 1 dari 5, di bawah batas minimal (tingkat 2); RAM 8 GB cukup, nyamannya 16 GB atau lebih (sudah di batas maksimal 8 GB); penyimpanan 256 GB cukup, nyamannya 512 GB atau lebih (bisa diganti dengan yang lebih besar).
A23: =IF(Varian!$A8="","",Varian!$A8) -> axioo-hype-10-n4020-8-256-w10 | B23: =IF($A23="","",Aturan!$A$24) -> Game ringan | C23: =IF($A23="","",IFERROR(IF(ISNUMBER(INDEX(CPU!$J$4:$J$64,MATCH(Varian!$J8,CPU!$A$4:$A$64,0))),INDEX(CPU!$J$4:$J$64,MATCH(Varian!$J8,CPU!$A$4:$A$64,0)),""),"")) -> 1 | D23: =IF($A23="","",IFERROR(IF(ISNUMBER(INDEX(GPU!$G$4:$G$64,MATCH(Varian!$K8,GPU!$A$4:$A$64,0))),INDEX(GPU!$G$4:$G$64,MATCH(Varian!$K8,GPU!$A$4:$A$64,0)),""),"")) -> 1 | E23: =IF($A23="","",IF(ISNUMBER(Varian!$M8),Varian!$M8,"")) -> 8 | F23: =IF($A23="","",IF(ISNUMBER(Varian!$V8),Varian!$V8,"")) -> 256 | G23: =IF($A23="","",IFERROR(INDEX(Aturan!$B$63:$B$66,MATCH(Varian!$AG8,Aturan!$A$63:$A$66,0)),"")) -> 1 | H23: =IF($A23="","",IF(ISNUMBER(Varian!$AI8),Varian!$AI8,"")) | I23: =IF($A23="","",IF(Varian!$Q8="disolder","menempel di papan utama, tidak bisa ditambah",IF(OR(Varian!$Q8="slot",Varian!$Q8="setengah_disolder"),IF(Varian!$Q8="setengah_disolder","sebagian menempel, ","")&IF(ISNUMBER(Varian!$U8),IF(AND(ISNUMBER(Varian!$M8),Varian!$U8>Varian!$M8),"bisa dinaikkan lewat slot sampai "&Varian!$U8&" GB","sudah di batas maksimal "&Varian!$U8&" GB"),"ada slot, batas maksimalnya belum diketahui"),"belum diketahui apakah bisa ditambah"))) -> sudah di batas maksimal 8 GB | J23: =IF($A23="","",IF(Varian!$Z8="ya","bisa diganti dengan yang lebih besar",IF(Varian!$Z8="tidak","menempel, tidak bisa diganti","belum diketahui apakah bisa diganti"))) -> bisa diganti dengan yang lebih besar | K23: =IF($A23="","",IF(AND(Aturan!$C$48="",Aturan!$D$48=""),"Tidak dinilai",IF(C23="","Belum ada data",IF(C23<IF(Aturan!$C$48="",0,Aturan!$C$48),"Kurang",IF(C23>=IF(Aturan!$D$48="",Aturan!$C$48,Aturan!$D$48),"Nyaman","Cukup"))))) -> Kurang | L23: =IF($A23="","",IF(AND(Aturan!$C$49="",Aturan!$D$49=""),"Tidak dinilai",IF(D23="","Belum ada data",IF(D23<IF(Aturan!$C$49="",0,Aturan!$C$49),"Kurang",IF(D23>=IF(Aturan!$D$49="",Aturan!$C$49,Aturan!$D$49),"Nyaman","Cukup"))))) -> Cukup | M23: =IF($A23="","",IF(AND(Aturan!$C$50="",Aturan!$D$50=""),"Tidak dinilai",IF(E23="","Belum ada data",IF(E23<IF(Aturan!$C$50="",0,Aturan!$C$50),"Kurang",IF(E23>=IF(Aturan!$D$50="",Aturan!$C$50,Aturan!$D$50),"Nyaman","Cukup"))))) -> Nyaman | N23: =IF($A23="","",IF(AND(Aturan!$C$51="",Aturan!$D$51=""),"Tidak dinilai",IF(F23="","Belum ada data",IF(F23<IF(Aturan!$C$51="",0,Aturan!$C$51),"Kurang",IF(F23>=IF(Aturan!$D$51="",Aturan!$C$51,Aturan!$D$51),"Nyaman","Cukup"))))) -> Nyaman | O23: =IF($A23="","",IF(AND(Aturan!$C$52="",Aturan!$D$52=""),"Tidak dinilai",IF(G23="","Belum ada data",IF(G23<IF(Aturan!$C$52="",0,Aturan!$C$52),"Kurang",IF(G23>=IF(Aturan!$D$52="",Aturan!$C$52,Aturan!$D$52),"Nyaman","Cukup"))))) -> Tidak dinilai | P23: =IF($A23="","",IF(AND(Aturan!$C$53="",Aturan!$D$53=""),"Tidak dinilai",IF(H23="","Belum ada data",IF(H23<IF(Aturan!$C$53="",0,Aturan!$C$53),"Kurang",IF(H23>=IF(Aturan!$D$53="",Aturan!$C$53,Aturan!$D$53),"Nyaman","Cukup"))))) -> Tidak dinilai | Q23: =IF($A23="","",IF(COUNTIF(K23:P23,"Tidak dinilai")=6,"Tidak dinilai",IF(COUNTIF(K23:P23,"Kurang")>0,"Kurang cocok",IF(COUNTIF(K23:P23,"Belum ada data")>0,"Data belum lengkap",IF(COUNTIF(K23:P23,"Cukup")>0,"Bisa, dengan catatan","Cocok"))))) -> Kurang cocok | R23: =IF($A23="","",IF(K23="Kurang","prosesor tingkat "&C23&" dari 5, di bawah batas minimal (tingkat "&Aturan!$C$48&")",IF(K23="Cukup","prosesor tingkat "&C23&" dari 5 cukup, nyamannya mulai tingkat "&Aturan!$D$48,IF(K23="Belum ada data","tingkat prosesor belum diisi","")))) -> prosesor tingkat 1 dari 5, di bawah batas minimal (tingkat 2) | S23: =IF($A23="","",IF(L23="Kurang","grafis tingkat "&D23&" dari 5, di bawah batas minimal (tingkat "&Aturan!$C$49&")",IF(L23="Cukup","grafis tingkat "&D23&" dari 5 cukup, nyamannya mulai tingkat "&Aturan!$D$49,IF(L23="Belum ada data","tingkat grafis belum diisi","")))) -> grafis tingkat 1 dari 5 cukup, nyamannya mulai tingkat 2 | T23: =IF($A23="","",IF(M23="Kurang","RAM "&E23&" GB, di bawah batas minimal "&Aturan!$C$50&" GB ("&I23&")",IF(M23="Cukup","RAM "&E23&" GB cukup, nyamannya "&Aturan!$D$50&" GB atau lebih ("&I23&")",IF(M23="Belum ada data","ukuran RAM belum diisi","")))) | U23: =IF($A23="","",IF(N23="Kurang","penyimpanan "&F23&" GB, di bawah batas minimal "&Aturan!$C$51&" GB ("&J23&")",IF(N23="Cukup","penyimpanan "&F23&" GB cukup, nyamannya "&Aturan!$D$51&" GB atau lebih ("&J23&")",IF(N23="Belum ada data","ukuran penyimpanan belum diisi","")))) | V23: =IF($A23="","",IF(O23="Kurang","layar "&Varian!$AG8&", di bawah batas minimal ("&IFERROR(INDEX(Aturan!$A$63:$A$66,MATCH(Aturan!$C$52,Aturan!$B$63:$B$66,0)),"peringkat "&Aturan!$C$52)&")",IF(O23="Cukup","layar "&Varian!$AG8&" cukup, nyamannya "&IFERROR(INDEX(Aturan!$A$63:$A$66,MATCH(Aturan!$D$52,Aturan!$B$63:$B$66,0)),"peringkat "&Aturan!$D$52),IF(O23="Belum ada data","jenis layar belum diketahui","")))) | W23: =IF($A23="","",IF(P23="Kurang","layar "&H23&" Hz, di bawah batas minimal "&Aturan!$C$53&" Hz",IF(P23="Cukup","layar "&H23&" Hz cukup, nyamannya "&Aturan!$D$53&" Hz atau lebih",IF(P23="Belum ada data","refresh rate belum diketahui","")))) | X23: =IF($A23="","",IF(K23="Kurang",R23&"; ","")&IF(L23="Kurang",S23&"; ","")&IF(M23="Kurang",T23&"; ","")&IF(N23="Kurang",U23&"; ","")&IF(O23="Kurang",V23&"; ","")&IF(P23="Kurang",W23&"; ","")&IF(K23="Belum ada data",R23&"; ","")&IF(L23="Belum ada data",S23&"; ","")&IF(M23="Belum ada data",T23&"; ","")&IF(N23="Belum ada data",U23&"; ","")&IF(O23="Belum ada data",V23&"; ","")&IF(P23="Belum ada data",W23&"; ","")&IF(K23="Cukup",R23&"; ","")&IF(L23="Cukup",S23&"; ","")&IF(M23="Cukup",T23&"; ","")&IF(N23="Cukup",U23&"; ","")&IF(O23="Cukup",V23&"; ","")&IF(P23="Cukup",W23&"; ","")) -> prosesor tingkat 1 dari 5, di bawah batas minimal (tingkat 2); grafis tingkat 1 dari 5 cukup, nyamannya mulai tingkat 2; | Y23: =IF($A23="","",IF(K23="Nyaman","prosesor, ","")&IF(L23="Nyaman","grafis, ","")&IF(M23="Nyaman","RAM, ","")&IF(N23="Nyaman","penyimpanan, ","")&IF(O23="Nyaman","layar, ","")&IF(P23="Nyaman","refresh rate, ","")) -> RAM, penyimpanan, | Z23: =IF($A23="","",IF(Q23="Tidak dinilai","Belum ada kriteria yang dinilai untuk kebutuhan ini.",IF(Q23="Cocok","Semua kriteria yang dinilai sudah nyaman: "&LEFT(Y23,LEN(Y23)-2)&".",UPPER(LEFT(X23,1))&MID(X23,2,LEN(X23)-3)&"."&IF(Y23="",""," Sudah nyaman: "&LEFT(Y23,LEN(Y23)-2)&".")))) -> Prosesor tingkat 1 dari 5, di bawah batas minimal (tingkat 2); grafis tingkat 1 dari 5 cukup, nyamannya mulai tingkat 2. Sudah nyaman: RAM, penyimpanan.
A24: =IF(Varian!$A8="","",Varian!$A8) -> axioo-hype-10-n4020-8-256-w10 | B24: =IF($A24="","",Aturan!$A$25) -> Game berat | C24: =IF($A24="","",IFERROR(IF(ISNUMBER(INDEX(CPU!$J$4:$J$64,MATCH(Varian!$J8,CPU!$A$4:$A$64,0))),INDEX(CPU!$J$4:$J$64,MATCH(Varian!$J8,CPU!$A$4:$A$64,0)),""),"")) -> 1 | D24: =IF($A24="","",IFERROR(IF(ISNUMBER(INDEX(GPU!$G$4:$G$64,MATCH(Varian!$K8,GPU!$A$4:$A$64,0))),INDEX(GPU!$G$4:$G$64,MATCH(Varian!$K8,GPU!$A$4:$A$64,0)),""),"")) -> 1 | E24: =IF($A24="","",IF(ISNUMBER(Varian!$M8),Varian!$M8,"")) -> 8 | F24: =IF($A24="","",IF(ISNUMBER(Varian!$V8),Varian!$V8,"")) -> 256 | G24: =IF($A24="","",IFERROR(INDEX(Aturan!$B$63:$B$66,MATCH(Varian!$AG8,Aturan!$A$63:$A$66,0)),"")) -> 1 | H24: =IF($A24="","",IF(ISNUMBER(Varian!$AI8),Varian!$AI8,"")) | I24: =IF($A24="","",IF(Varian!$Q8="disolder","menempel di papan utama, tidak bisa ditambah",IF(OR(Varian!$Q8="slot",Varian!$Q8="setengah_disolder"),IF(Varian!$Q8="setengah_disolder","sebagian menempel, ","")&IF(ISNUMBER(Varian!$U8),IF(AND(ISNUMBER(Varian!$M8),Varian!$U8>Varian!$M8),"bisa dinaikkan lewat slot sampai "&Varian!$U8&" GB","sudah di batas maksimal "&Varian!$U8&" GB"),"ada slot, batas maksimalnya belum diketahui"),"belum diketahui apakah bisa ditambah"))) -> sudah di batas maksimal 8 GB | J24: =IF($A24="","",IF(Varian!$Z8="ya","bisa diganti dengan yang lebih besar",IF(Varian!$Z8="tidak","menempel, tidak bisa diganti","belum diketahui apakah bisa diganti"))) -> bisa diganti dengan yang lebih besar | K24: =IF($A24="","",IF(AND(Aturan!$C$54="",Aturan!$D$54=""),"Tidak dinilai",IF(C24="","Belum ada data",IF(C24<IF(Aturan!$C$54="",0,Aturan!$C$54),"Kurang",IF(C24>=IF(Aturan!$D$54="",Aturan!$C$54,Aturan!$D$54),"Nyaman","Cukup"))))) -> Kurang | L24: =IF($A24="","",IF(AND(Aturan!$C$55="",Aturan!$D$55=""),"Tidak dinilai",IF(D24="","Belum ada data",IF(D24<IF(Aturan!$C$55="",0,Aturan!$C$55),"Kurang",IF(D24>=IF(Aturan!$D$55="",Aturan!$C$55,Aturan!$D$55),"Nyaman","Cukup"))))) -> Kurang | M24: =IF($A24="","",IF(AND(Aturan!$C$56="",Aturan!$D$56=""),"Tidak dinilai",IF(E24="","Belum ada data",IF(E24<IF(Aturan!$C$56="",0,Aturan!$C$56),"Kurang",IF(E24>=IF(Aturan!$D$56="",Aturan!$C$56,Aturan!$D$56),"Nyaman","Cukup"))))) -> Cukup | N24: =IF($A24="","",IF(AND(Aturan!$C$57="",Aturan!$D$57=""),"Tidak dinilai",IF(F24="","Belum ada data",IF(F24<IF(Aturan!$C$57="",0,Aturan!$C$57),"Kurang",IF(F24>=IF(Aturan!$D$57="",Aturan!$C$57,Aturan!$D$57),"Nyaman","Cukup"))))) -> Kurang | O24: =IF($A24="","",IF(AND(Aturan!$C$58="",Aturan!$D$58=""),"Tidak dinilai",IF(G24="","Belum ada data",IF(G24<IF(Aturan!$C$58="",0,Aturan!$C$58),"Kurang",IF(G24>=IF(Aturan!$D$58="",Aturan!$C$58,Aturan!$D$58),"Nyaman","Cukup"))))) -> Tidak dinilai | P24: =IF($A24="","",IF(AND(Aturan!$C$59="",Aturan!$D$59=""),"Tidak dinilai",IF(H24="","Belum ada data",IF(H24<IF(Aturan!$C$59="",0,Aturan!$C$59),"Kurang",IF(H24>=IF(Aturan!$D$59="",Aturan!$C$59,Aturan!$D$59),"Nyaman","Cukup"))))) -> Belum ada data | Q24: =IF($A24="","",IF(COUNTIF(K24:P24,"Tidak dinilai")=6,"Tidak dinilai",IF(COUNTIF(K24:P24,"Kurang")>0,"Kurang cocok",IF(COUNTIF(K24:P24,"Belum ada data")>0,"Data belum lengkap",IF(COUNTIF(K24:P24,"Cukup")>0,"Bisa, dengan catatan","Cocok"))))) -> Kurang cocok | R24: =IF($A24="","",IF(K24="Kurang","prosesor tingkat "&C24&" dari 5, di bawah batas minimal (tingkat "&Aturan!$C$54&")",IF(K24="Cukup","prosesor tingkat "&C24&" dari 5 cukup, nyamannya mulai tingkat "&Aturan!$D$54,IF(K24="Belum ada data","tingkat prosesor belum diisi","")))) -> prosesor tingkat 1 dari 5, di bawah batas minimal (tingkat 3) | S24: =IF($A24="","",IF(L24="Kurang","grafis tingkat "&D24&" dari 5, di bawah batas minimal (tingkat "&Aturan!$C$55&")",IF(L24="Cukup","grafis tingkat "&D24&" dari 5 cukup, nyamannya mulai tingkat "&Aturan!$D$55,IF(L24="Belum ada data","tingkat grafis belum diisi","")))) -> grafis tingkat 1 dari 5, di bawah batas minimal (tingkat 3) | T24: =IF($A24="","",IF(M24="Kurang","RAM "&E24&" GB, di bawah batas minimal "&Aturan!$C$56&" GB ("&I24&")",IF(M24="Cukup","RAM "&E24&" GB cukup, nyamannya "&Aturan!$D$56&" GB atau lebih ("&I24&")",IF(M24="Belum ada data","ukuran RAM belum diisi","")))) -> RAM 8 GB cukup, nyamannya 16 GB atau lebih (sudah di batas maksimal 8 GB) | U24: =IF($A24="","",IF(N24="Kurang","penyimpanan "&F24&" GB, di bawah batas minimal "&Aturan!$C$57&" GB ("&J24&")",IF(N24="Cukup","penyimpanan "&F24&" GB cukup, nyamannya "&Aturan!$D$57&" GB atau lebih ("&J24&")",IF(N24="Belum ada data","ukuran penyimpanan belum diisi","")))) -> penyimpanan 256 GB, di bawah batas minimal 512 GB (bisa diganti dengan yang lebih besar) | V24: =IF($A24="","",IF(O24="Kurang","layar "&Varian!$AG8&", di bawah batas minimal ("&IFERROR(INDEX(Aturan!$A$63:$A$66,MATCH(Aturan!$C$58,Aturan!$B$63:$B$66,0)),"peringkat "&Aturan!$C$58)&")",IF(O24="Cukup","layar "&Varian!$AG8&" cukup, nyamannya "&IFERROR(INDEX(Aturan!$A$63:$A$66,MATCH(Aturan!$D$58,Aturan!$B$63:$B$66,0)),"peringkat "&Aturan!$D$58),IF(O24="Belum ada data","jenis layar belum diketahui","")))) | W24: =IF($A24="","",IF(P24="Kurang","layar "&H24&" Hz, di bawah batas minimal "&Aturan!$C$59&" Hz",IF(P24="Cukup","layar "&H24&" Hz cukup, nyamannya "&Aturan!$D$59&" Hz atau lebih",IF(P24="Belum ada data","refresh rate belum diketahui","")))) -> refresh rate belum diketahui | X24: =IF($A24="","",IF(K24="Kurang",R24&"; ","")&IF(L24="Kurang",S24&"; ","")&IF(M24="Kurang",T24&"; ","")&IF(N24="Kurang",U24&"; ","")&IF(O24="Kurang",V24&"; ","")&IF(P24="Kurang",W24&"; ","")&IF(K24="Belum ada data",R24&"; ","")&IF(L24="Belum ada data",S24&"; ","")&IF(M24="Belum ada data",T24&"; ","")&IF(N24="Belum ada data",U24&"; ","")&IF(O24="Belum ada data",V24&"; ","")&IF(P24="Belum ada data",W24&"; ","")&IF(K24="Cukup",R24&"; ","")&IF(L24="Cukup",S24&"; ","")&IF(M24="Cukup",T24&"; ","")&IF(N24="Cukup",U24&"; ","")&IF(O24="Cukup",V24&"; ","")&IF(P24="Cukup",W24&"; ","")) -> prosesor tingkat 1 dari 5, di bawah batas minimal (tingkat 3); grafis tingkat 1 dari 5, di bawah batas minimal (tingkat 3); penyimpanan 256 GB, di bawah batas minimal 512 GB (bisa diganti dengan yang lebih besar); refresh rate belum diketahui; RAM 8 GB cukup, nyamannya 16 GB atau lebih (sudah di batas maksimal 8 GB); | Y24: =IF($A24="","",IF(K24="Nyaman","prosesor, ","")&IF(L24="Nyaman","grafis, ","")&IF(M24="Nyaman","RAM, ","")&IF(N24="Nyaman","penyimpanan, ","")&IF(O24="Nyaman","layar, ","")&IF(P24="Nyaman","refresh rate, ","")) | Z24: =IF($A24="","",IF(Q24="Tidak dinilai","Belum ada kriteria yang dinilai untuk kebutuhan ini.",IF(Q24="Cocok","Semua kriteria yang dinilai sudah nyaman: "&LEFT(Y24,LEN(Y24)-2)&".",UPPER(LEFT(X24,1))&MID(X24,2,LEN(X24)-3)&"."&IF(Y24="",""," Sudah nyaman: "&LEFT(Y24,LEN(Y24)-2)&".")))) -> Prosesor tingkat 1 dari 5, di bawah batas minimal (tingkat 3); grafis tingkat 1 dari 5, di bawah batas minimal (tingkat 3); penyimpanan 256 GB, di bawah batas minimal 512 GB (bisa diganti dengan yang lebih besar); refresh rate belum diketahui; RAM 8 GB cukup, nyamannya 16 GB atau lebih (sudah di batas maksimal 8 GB).
